against_bug;against_dark;against_dragon;against_electric;against_fairy;against_fight;against_fire;against_flying;against_ghost;against_grass;against_ground;against_ice;against_normal;against_poison;against_psychic;against_rock;against_steel;against_water;attack;base_egg_steps;base_happiness;base_total;capture_rate;defense;height_m;hp;sp_attack;sp_defense;speed;type1;weight_kg;generation;is_legendary
1;1;1;5;1;5;2;1;1;5;1;1;1;1;1;2;5;1;47;5120;70;319;190;50;1;50;57;50;65;bug;6;5;0
2;1;1;5;1;5;4;4;1;25;25;2;1;2;1;2;1;5;69;3840;70;424;45;95;5;60;69;95;36;bug;65;4;0
5;1;5;1;5;1;4;1;1;25;1;5;5;0;5;1;5;1;90;5120;70;465;75;140;12;75;60;60;40;bug;1258;2;0
1;1;1;1;1;5;2;2;1;5;5;1;1;1;1;2;1;1;29;3840;70;224;120;45;2;40;29;45;36;bug;34;4;0
1;1;1;1;1;5;2;2;1;5;5;1;1;1;1;2;1;1;65;5120;70;290;190;90;6;50;35;35;15;bug;72;2;0
1;1;1;5;1;5;2;1;1;5;1;1;1;1;1;2;5;1;82;3840;70;400;120;95;5;57;55;75;36;bug;105;7;0
5;5;0;1;1;25;2;2;1;5;5;1;1;2;1;2;2;1;55;5120;70;464;75;60;2;60;95;70;124;bug;5;7;0
5;5;0;1;1;25;2;2;1;5;5;1;1;2;1;2;2;1;45;5120;70;304;190;40;1;40;55;40;84;bug;2;7;0
5;1;1;2;1;25;2;2;1;25;0;2;1;1;1;4;1;1;80;3840;70;474;45;102;12;70;80;102;40;bug;385;4;0
5;1;1;2;1;25;2;2;1;25;0;2;1;1;1;4;1;1;45;3840;70;395;45;50;11;60;90;80;70;bug;320;1;0
5;1;1;2;1;25;2;2;1;25;0;2;1;1;1;4;1;1;70;3840;70;395;45;50;10;60;100;50;65;bug;284;3;0
5;1;5;1;5;1;4;1;1;25;1;5;5;0;5;1;5;1;135;3840;70;495;75;105;10;70;60;105;20;bug;330;5;0
5;1;1;1;5;25;2;2;1;25;1;1;1;5;2;2;1;1;45;3840;70;260;255;59;4;30;30;39;57;bug;53;5;0
1;1;1;1;1;5;2;2;1;5;5;1;1;1;1;2;1;1;75;3840;70;315;200;45;5;50;40;45;60;bug;59;5;0
5;1;1;2;1;25;2;2;1;25;0;2;1;1;1;4;1;1;65;5120;70;390;75;45;12;65;75;45;95;bug;380;2;0
1;1;1;1;1;5;2;2;1;5;5;1;1;1;1;2;1;1;20;3840;70;205;120;55;7;50;25;25;30;bug;99;1;0
5;1;1;1;5;25;2;2;1;25;1;1;1;5;2;2;1;1;25;3840;70;205;120;50;6;45;25;25;35;bug;100;1;0
1;1;1;1;1;5;2;2;1;5;5;1;1;1;1;2;1;1;35;3840;70;205;120;55;6;50;25;25;15;bug;100;3;0
1;1;1;1;1;5;2;2;1;5;5;1;1;1;1;2;1;1;35;3840;70;205;120;55;7;50;25;25;15;bug;115;3;0
1;1;1;1;1;5;2;2;1;5;5;1;1;1;1;2;1;1;85;3840;70;384;45;51;10;77;55;51;65;bug;255;4;0
1;1;1;1;1;5;2;2;1;5;5;1;1;1;1;2;1;1;25;3840;70;194;255;41;3;37;25;41;25;bug;22;4;0
5;1;1;1;5;25;2;2;1;25;1;1;1;5;2;2;1;1;55;3840;70;360;120;99;12;40;40;79;47;bug;585;5;0
1;1;1;5;1;5;2;1;1;5;1;1;1;1;1;2;5;1;77;5120;70;472;75;60;8;70;97;60;108;bug;143;5;0
5;1;1;2;1;25;2;2;1;25;0;2;1;1;1;4;1;1;60;3840;70;454;75;62;8;70;100;82;80;bug;36;3;0
1;1;1;1;1;5;2;2;1;5;5;1;1;1;1;2;1;1;73;3840;70;430;150;75;7;65;47;85;85;bug;177;3;0
1;1;1;1;1;5;2;2;1;5;5;1;1;1;1;2;1;1;47;3840;70;430;150;75;6;65;73;85;85;bug;177;3;0
5;1;1;2;1;25;2;2;1;25;0;2;1;1;1;4;1;1;35;3840;70;390;90;50;14;55;55;110;85;bug;356;2;0
5;1;1;2;1;25;2;2;1;25;0;2;1;1;1;4;1;1;20;3840;70;265;255;30;10;40;40;80;55;bug;108;2;0
5;1;1;1;5;25;2;2;1;25;1;1;1;5;2;2;1;1;35;3840;70;195;255;30;3;40;20;20;50;bug;32;1;0
1;1;1;2;1;5;1;2;1;1;5;5;1;1;1;2;5;5;125;5120;70;530;45;140;20;75;60;90;40;bug;1080;7;0
5;1;1;1;5;25;2;2;1;25;1;1;1;5;2;2;1;1;55;5120;70;305;190;50;10;60;40;55;45;bug;300;1;0
5;1;5;1;5;1;4;1;1;25;1;5;5;0;5;1;5;1;109;5120;70;484;90;112;3;58;48;48;109;bug;330;5;0
1;1;1;1;1;5;2;2;1;5;5;1;1;1;1;2;1;1;62;3840;70;300;255;45;4;47;55;45;46;bug;44;7;0
2;1;1;5;1;5;4;4;1;25;25;2;1;2;1;2;1;5;63;3840;70;380;120;90;5;55;50;80;42;bug;73;5;0
5;5;1;1;2;5;2;4;1;5;5;1;1;1;2;1;1;1;137;30720;0;570;255;37;18;71;137;37;151;bug;250;7;1
5;1;1;1;5;25;2;2;1;25;1;1;1;5;2;2;1;1;90;3840;70;400;90;70;11;70;60;70;40;bug;335;2;0
5;1;1;2;1;25;2;2;1;25;0;2;1;1;1;4;1;1;110;6400;70;500;45;80;15;70;55;80;105;bug;560;1;0
5;1;1;1;5;25;2;2;1;25;1;1;1;5;2;2;1;1;100;5120;70;485;45;89;25;60;55;69;112;bug;2005;5;0
1;1;1;1;1;1;1;1;1;1;1;1;5;5;1;2;2;2;10;5120;70;505;190;230;6;20;10;230;5;bug;205;2;0
5;1;1;2;1;25;2;2;1;25;0;2;1;1;1;4;1;1;94;3840;70;424;45;50;9;70;94;50;66;bug;233;4;0
2;1;1;5;1;5;4;4;1;25;25;2;1;2;1;2;1;5;95;5120;70;405;75;80;10;60;60;80;30;bug;295;1;0
2;1;1;5;1;5;4;4;1;25;25;2;1;2;1;2;1;5;70;5120;70;285;190;55;3;35;45;55;25;bug;54;1;0
5;1;1;2;1;25;2;2;1;25;0;2;1;1;1;4;1;1;90;3840;70;456;120;45;8;61;50;50;160;bug;120;3;0
2;1;1;5;1;5;4;4;1;25;25;2;1;2;1;2;1;5;103;3840;70;500;45;80;12;75;70;80;92;bug;205;5;0
5;1;1;2;1;25;2;2;1;25;0;2;1;1;1;4;1;1;76;5120;70;515;30;86;19;86;116;56;95;bug;515;4;0
5;1;5;1;5;1;4;1;1;25;1;5;5;0;5;1;5;1;120;30720;0;600;3;95;15;71;120;95;99;bug;825;5;1
5;1;5;1;5;1;4;1;1;25;1;5;5;0;5;1;5;1;150;6400;70;600;25;140;18;70;65;100;75;bug;1180;2;0
5;1;1;1;5;25;2;2;1;25;1;1;1;5;2;2;1;1;150;3840;70;495;45;40;10;65;15;80;145;bug;295;1;0
5;1;1;1;5;25;2;2;1;25;1;1;1;5;2;2;1;1;50;3840;70;385;45;70;12;60;50;90;65;bug;316;3;0
5;1;1;1;5;25;2;2;1;25;1;1;1;5;2;2;1;1;65;5120;70;450;75;60;15;70;90;75;90;bug;125;1;0
1;1;1;2;1;5;1;2;1;1;5;5;1;1;1;2;5;5;30;3840;70;269;200;32;5;40;50;52;65;bug;17;3;0
1;1;1;1;1;1;1;1;1;1;1;1;5;5;1;2;2;2;65;5120;70;325;190;85;3;50;35;35;55;bug;145;5;0
5;1;1;2;1;25;2;2;1;25;0;2;1;1;1;4;1;1;52;3840;70;411;45;50;12;80;90;50;89;bug;170;6;0
1;1;1;1;1;5;2;2;1;5;5;1;1;1;1;2;1;1;22;3840;70;213;120;60;3;45;27;30;29;bug;84;6;0
1;1;1;1;1;5;2;2;1;5;5;1;1;1;1;2;1;1;35;3840;70;200;255;40;3;38;27;25;35;bug;25;6;0
2;1;1;5;1;5;4;4;1;25;25;2;1;2;1;2;1;5;53;3840;70;310;255;70;3;45;40;60;42;bug;25;5;0
5;2;1;1;1;0;2;2;2;5;5;1;0;5;1;2;1;1;90;3840;70;236;45;45;8;1;30;30;40;bug;12;3;0
1;1;1;1;1;5;2;2;1;5;5;1;1;1;1;2;1;1;70;3840;70;495;75;40;8;80;100;60;145;bug;253;5;0
5;5;1;1;2;5;2;4;1;5;5;1;1;1;2;1;1;1;185;6400;70;600;45;115;15;80;40;105;75;bug;540;2;0
1;1;1;1;1;5;2;2;1;5;5;1;1;1;1;2;1;1;40;3840;70;305;200;85;4;50;40;65;25;bug;77;5;0
1;1;1;5;1;5;2;1;1;5;1;1;1;1;1;2;5;1;70;3840;70;500;45;90;15;77;145;75;43;bug;450;7;0
1;1;1;1;1;5;2;2;1;5;5;1;1;1;1;2;1;1;155;6400;70;600;45;120;15;65;65;90;105;bug;550;1;0
1;1;1;1;1;1;1;1;1;1;1;1;5;5;1;2;2;2;105;5120;70;485;75;125;14;70;65;75;45;bug;2000;5;0
5;1;1;1;5;25;2;2;1;25;1;1;1;5;2;2;1;1;60;3840;70;250;255;40;5;40;40;40;30;bug;85;2;0
5;1;1;1;5;5;1;2;1;25;1;5;1;1;1;4;5;2;60;10240;70;550;15;65;16;85;135;105;100;bug;460;5;0
5;5;1;1;2;5;2;4;1;5;5;1;1;1;2;1;1;1;139;30720;0;570;25;139;24;107;53;53;79;bug;3336;7;1
5;1;1;2;1;25;2;2;1;25;0;2;1;1;1;4;1;1;30;3840;70;244;120;42;3;30;30;42;70;bug;55;4;0
5;1;1;1;5;5;1;2;1;25;1;5;1;1;1;4;5;2;85;10240;70;360;45;55;11;55;50;55;60;bug;288;5;0
1;1;1;0;1;5;2;2;1;1;5;2;1;5;1;1;1;2;45;3840;70;266;255;90;5;31;30;30;40;bug;55;3;0
1;1;1;2;1;5;1;2;1;1;5;5;1;1;1;2;5;5;35;5120;70;230;90;40;5;25;20;30;80;bug;120;7;0
1;1;1;1;1;5;2;2;1;5;5;1;1;1;1;2;1;1;30;3840;70;195;255;35;3;45;20;20;45;bug;29;1;0
1;1;1;1;1;5;2;2;1;5;5;1;1;1;1;2;1;1;45;3840;70;195;255;35;3;45;20;30;20;bug;36;3;0
1;5;1;2;2;1;1;1;5;5;0;2;1;1;0;2;1;1;125;5120;35;505;30;52;9;100;105;52;71;dark;273;4;0
2;5;1;1;2;2;1;1;5;1;1;1;1;1;0;1;1;1;90;3840;70;420;127;70;10;70;60;60;70;dark;370;3;0
2;5;1;1;2;2;1;1;5;1;1;1;1;1;0;1;1;1;55;3840;70;220;255;35;5;35;30;30;35;dark;136;3;0
1;5;1;2;2;1;1;1;5;5;0;2;1;1;0;2;1;1;65;5120;35;510;60;105;12;110;55;95;80;dark;395;5;0
2;5;2;5;4;2;5;1;5;5;1;2;1;1;0;1;1;5;105;10240;35;600;45;90;18;92;125;90;98;dark;1600;5;0
2;5;1;1;2;2;1;1;5;1;1;1;1;1;0;1;1;1;88;5120;70;446;90;50;11;64;88;50;106;dark;375;5;0
1;5;1;1;1;2;5;1;5;5;2;5;1;1;0;2;5;2;90;5120;35;600;45;90;14;75;140;90;115;dark;350;2;0
1;5;1;1;1;2;5;1;5;5;2;5;1;1;0;2;5;2;60;5120;35;330;120;30;6;45;80;50;65;dark;108;2;0
1;5;1;2;2;1;1;1;5;5;0;2;1;1;0;2;1;1;85;5120;35;405;30;42;5;60;85;42;91;dark;21;2;0
1;1;1;1;2;0;1;1;1;1;1;1;0;5;0;1;1;1;85;6400;35;480;45;125;5;50;85;115;20;dark;110;3;0
1;5;1;2;2;1;1;1;5;5;0;2;1;1;0;2;1;1;131;30720;0;680;45;95;58;126;131;98;99;dark;2030;6;1
2;5;1;1;2;2;1;1;5;1;1;1;1;1;0;1;1;1;50;5120;70;281;255;37;4;41;50;37;66;dark;101;5;0
1;5;1;2;2;1;1;1;5;5;0;2;1;1;0;2;1;1;55;5120;35;370;190;75;5;70;45;65;60;dark;90;5;0
2;5;1;1;2;2;1;1;5;1;1;1;1;1;0;1;1;1;150;6400;35;565;30;60;12;65;115;60;115;dark;470;3;0
1;25;1;1;4;2;1;2;5;1;1;1;1;1;0;5;1;1;90;3840;70;488;90;115;11;65;45;115;58;dark;300;5;0
2;5;2;5;4;2;5;1;5;5;1;2;1;1;0;1;1;5;85;10240;35;420;45;70;14;72;65;70;58;dark;500;5;0
2;5;1;1;2;2;1;1;5;1;1;1;1;1;0;1;1;1;105;5120;70;510;45;60;16;60;120;60;105;dark;811;5;0
2;5;2;5;4;2;5;1;5;5;1;2;1;1;0;1;1;5;65;10240;35;300;45;50;8;52;45;50;38;dark;173;5;0
2;5;2;5;4;2;5;1;5;5;1;2;1;1;0;1;1;5;101;30720;0;570;15;53;55;223;97;53;43;dark;8880;7;1
2;5;1;1;2;2;1;1;5;1;1;1;1;1;0;1;1;1;65;8960;35;525;45;110;10;95;60;130;65;dark;270;2;0
4;1;1;1;2;1;1;1;1;1;1;1;1;1;0;1;1;1;92;5120;70;482;80;88;15;86;68;75;73;dark;470;6;0
2;5;1;1;2;2;1;1;5;1;1;1;1;1;0;1;1;1;90;30720;0;600;3;90;15;70;135;90;125;dark;505;4;1
4;1;1;1;2;1;1;1;1;1;1;1;1;1;0;1;1;1;54;5120;70;288;190;53;4;53;37;46;45;dark;35;6;0
1;5;5;1;1;4;2;5;5;5;2;5;5;0;0;5;5;1;85;5120;35;340;120;70;5;45;40;40;60;dark;102;5;0
2;5;1;1;2;4;2;1;5;1;1;5;1;1;0;2;2;1;120;5120;35;510;45;65;11;70;45;85;125;dark;340;4;0
2;5;1;1;2;4;2;1;5;1;1;5;1;1;0;2;2;1;95;5120;35;430;60;55;9;55;35;75;115;dark;280;2;0
1;25;1;1;4;2;1;2;5;1;1;1;1;1;0;5;1;1;75;3840;35;348;180;70;6;50;35;70;48;dark;118;5;0
1;5;5;1;1;4;2;5;5;5;2;5;5;0;0;5;5;1;125;5120;35;490;45;100;16;65;60;70;70;dark;700;5;0
2;5;1;1;2;2;1;1;5;1;1;1;1;1;0;1;1;1;65;6400;70;330;75;40;7;40;80;40;65;dark;125;5;0
1;1;2;5;2;1;5;1;1;5;1;2;1;1;1;1;1;5;147;10240;35;540;45;90;18;76;60;70;97;dragon;1055;5;0
1;1;2;5;2;1;5;1;1;5;1;2;1;1;1;1;1;5;117;10240;35;410;60;70;10;66;40;50;67;dragon;360;5;0
1;1;2;5;2;2;1;1;1;5;1;1;1;1;1;2;2;5;120;30720;0;700;3;90;30;125;170;100;95;dragon;3250;5;1
1;1;2;0;2;1;5;1;1;1;1;4;1;5;1;5;1;1;90;10240;70;410;45;65;14;68;50;55;82;dragon;560;4;0
1;1;2;5;2;1;5;1;1;5;1;2;1;1;1;1;1;5;120;7680;70;485;45;90;16;77;60;90;48;dragon;1390;5;0
1;1;2;25;2;1;5;5;1;5;2;2;1;1;1;1;5;5;150;30720;0;680;3;120;29;100;120;100;90;dragon;3450;5;1
1;1;2;5;2;1;5;1;1;5;1;2;1;1;1;1;1;5;64;10240;35;300;45;45;18;41;50;50;50;dragon;33;1;0
1;1;2;5;2;1;5;1;1;5;1;2;1;1;1;1;1;5;84;10240;35;420;45;65;40;61;70;70;70;dragon;165;1;0
5;1;2;1;2;5;5;1;1;25;0;4;1;1;1;2;1;5;134;10240;35;600;45;95;22;91;100;100;80;dragon;2100;1;0
5;1;2;1;2;5;5;1;1;25;0;4;1;1;1;2;1;5;145;10240;35;700;45;130;15;95;120;90;120;dragon;1026;3;0
1;1;2;5;2;1;5;1;1;5;1;2;1;1;1;1;1;5;100;10240;35;600;45;70;20;90;110;150;80;dragon;1505;6;0
1;1;2;5;2;1;5;1;1;5;1;2;1;1;1;1;1;5;95;10240;35;420;45;100;11;65;60;50;50;dragon;1105;3;0
2;2;2;5;2;5;5;1;2;5;1;2;1;1;5;1;1;5;100;30720;90;700;3;120;14;80;140;150;110;dragon;400;3;1
2;2;2;5;2;5;5;1;2;5;1;2;1;1;5;1;1;5;130;30720;90;700;3;100;20;80;160;120;110;dragon;600;3;1
5;1;2;1;2;5;5;1;1;25;0;4;1;1;1;2;1;5;110;5120;70;590;45;110;11;75;110;105;80;dragon;206;3;0
1;1;2;0;2;1;5;1;1;1;1;4;1;5;1;5;1;1;70;10240;70;300;45;45;7;58;40;45;42;dragon;205;4;0
1;1;2;0;2;1;5;1;1;1;1;4;1;5;1;5;1;1;170;10240;70;700;45;115;19;108;120;95;92;dragon;950;4;0
1;1;2;0;2;1;5;1;1;1;1;4;1;5;1;5;1;1;100;30720;0;708;3;121;50;216;91;95;85;dragon;2846;6;1
1;1;2;5;2;1;5;1;1;5;1;2;1;1;1;1;1;5;75;10240;35;300;45;60;6;45;40;30;50;dragon;421;3;0
1;1;2;5;2;1;5;1;1;5;1;2;1;1;1;1;1;5;55;10240;70;300;45;65;6;45;45;45;45;dragon;297;7;0
5;5;2;5;4;1;5;2;1;5;1;2;1;1;2;5;1;5;75;10240;70;420;45;90;12;55;65;70;65;dragon;470;7;0
5;5;2;5;4;1;5;2;1;5;1;2;1;1;2;5;1;5;110;10240;70;600;45;125;16;75;100;105;85;dragon;782;7;0
5;1;2;1;2;5;5;1;1;25;0;4;1;1;1;2;1;5;180;30720;0;780;45;100;70;105;180;100;115;dragon;2065;3;1
1;1;2;5;2;1;5;1;1;5;1;2;1;1;1;1;1;5;50;10240;35;300;45;35;3;45;55;75;40;dragon;28;6;0
1;1;2;5;2;1;5;1;1;5;1;2;1;1;1;1;1;5;75;10240;35;452;45;53;8;68;83;113;60;dragon;175;6;0
1;1;2;5;2;1;5;1;1;5;1;2;1;1;1;1;1;5;87;10240;35;320;75;60;6;46;30;40;57;dragon;180;5;0
5;1;2;5;1;1;25;1;1;25;2;1;1;1;1;2;5;1;120;30720;0;680;3;100;32;100;150;120;90;dragon;3300;5;1
5;5;0;5;1;5;1;5;1;1;2;1;1;2;1;1;1;1;58;5120;70;431;180;57;2;67;81;67;101;electric;22;6;0
1;1;1;5;1;1;1;5;1;1;2;1;1;1;1;1;5;1;50;5120;70;490;60;70;12;60;80;80;150;electric;666;1;0
1;1;1;5;1;1;1;5;1;1;2;1;1;1;1;1;5;1;30;5120;70;330;190;50;5;40;55;55;100;electric;104;1;0
5;1;1;1;1;5;1;5;1;5;0;2;1;1;1;2;5;1;105;30720;90;580;3;70;15;79;145;80;101;electric;610;5;1
1;1;1;5;1;1;1;5;1;1;2;1;1;1;1;1;5;1;50;5120;70;405;200;40;4;60;85;75;95;electric;42;3;0
1;1;1;5;1;1;1;5;1;1;2;1;1;1;1;1;5;1;40;5120;70;405;200;50;4;60;75;85;95;electric;42;3;0
1;1;1;5;1;1;1;5;1;1;2;1;1;1;1;1;5;1;75;5120;70;575;45;80;15;70;135;80;135;electric;402;3;0
5;1;1;1;1;5;1;5;1;5;0;2;1;1;1;2;5;1;90;20480;35;580;3;85;16;90;125;90;100;electric;526;1;1
1;1;1;5;1;1;1;5;1;1;2;1;1;1;1;1;5;1;83;6400;70;490;45;57;11;65;95;85;105;electric;300;1;0
1;1;1;5;1;1;1;5;1;1;2;1;1;1;1;1;5;1;63;6400;70;360;45;37;6;45;65;55;95;electric;235;2;0
1;1;1;5;1;1;1;5;1;1;2;1;1;1;1;1;5;1;60;5120;70;295;190;32;8;45;50;32;76;electric;298;5;0
1;1;1;5;1;1;1;5;1;1;2;1;1;1;1;1;5;1;115;5120;70;515;30;80;21;85;105;80;50;electric;805;5;0
1;1;1;5;1;1;1;5;1;1;2;1;1;1;1;1;5;1;85;5120;70;405;60;70;12;65;75;70;40;electric;220;5;0
1;1;1;5;1;1;1;5;1;1;2;1;1;1;1;1;5;1;55;5120;70;275;190;40;2;35;45;40;60;electric;3;5;0
1;1;1;5;1;1;1;5;1;1;2;1;1;1;1;1;5;1;45;2560;100;405;200;70;4;60;45;90;95;electric;39;4;0
1;1;1;5;1;1;1;5;1;1;2;1;1;1;1;1;5;1;65;5120;70;263;235;34;5;45;40;34;45;electric;95;4;0
1;1;1;5;1;2;1;5;0;1;2;1;1;1;1;1;5;1;55;5120;70;481;75;52;10;62;109;94;109;electric;210;6;0
1;1;1;5;1;2;1;5;0;1;2;1;1;1;1;1;5;1;38;5120;70;289;190;33;5;44;61;43;70;electric;60;6;0
1;1;1;5;1;1;1;5;1;1;2;1;1;1;1;1;5;1;120;5120;70;523;45;79;14;80;95;79;70;electric;420;4;0
1;1;1;5;1;1;1;5;1;1;2;1;1;1;1;1;5;1;89;30720;0;570;30;71;38;83;173;71;83;electric;1000;7;1
5;5;0;5;1;5;1;5;1;1;2;1;1;2;1;1;1;1;115;3840;70;570;3;85;18;70;95;75;130;electric;205;7;1
1;1;1;5;1;1;1;5;1;1;2;1;1;1;1;1;5;1;95;5120;70;610;45;105;14;90;165;110;45;electric;615;2;0
1;1;1;5;1;1;1;5;1;1;2;1;1;1;1;1;5;1;65;8960;70;525;45;60;8;65;110;95;130;electric;245;1;0
1;1;1;5;1;1;1;5;1;1;2;1;1;1;1;1;5;1;45;5120;70;295;120;40;6;40;65;40;65;electric;152;3;0
5;1;5;5;5;2;2;25;1;5;4;5;5;0;5;5;25;1;70;5120;70;535;30;115;12;70;130;90;60;electric;1800;4;0
5;1;5;5;5;2;2;25;1;5;4;5;5;0;5;5;25;1;60;5120;70;465;60;95;10;50;120;70;70;electric;600;1;0
5;1;5;5;5;2;2;25;1;5;4;5;5;0;5;5;25;1;35;5120;70;325;190;70;3;25;95;55;45;electric;60;1;0
1;1;1;5;1;1;1;5;1;1;2;1;1;1;1;1;5;1;85;2560;70;485;75;50;;60;95;85;110;electric;;1;0
1;1;1;5;1;1;1;5;1;1;2;1;1;1;1;1;5;1;55;2560;70;320;190;40;4;35;50;50;90;electric;60;1;0
5;2;1;5;1;0;1;5;2;1;2;1;0;5;1;1;5;1;65;5120;70;520;45;107;3;50;105;107;86;electric;3;4;0
5;1;5;5;5;2;2;25;1;5;4;5;5;0;5;5;25;1;98;2560;70;435;180;63;3;65;40;73;96;electric;33;7;0
5;1;1;1;1;5;1;5;1;5;0;2;1;1;1;2;5;1;75;5120;70;428;200;60;4;55;75;60;103;electric;50;5;0
1;1;1;5;1;1;1;5;1;1;2;1;1;1;1;1;5;1;85;5120;100;363;120;49;9;60;60;49;60;electric;305;4;0
1;1;1;5;1;1;1;5;1;1;2;1;1;1;1;1;5;1;85;20480;35;580;3;75;19;90;115;100;115;electric;1780;2;1
1;1;1;5;1;1;1;5;1;1;2;1;1;1;1;1;5;1;123;6400;70;540;30;67;18;75;95;85;95;electric;1386;4;0
1;1;1;5;1;1;1;5;1;1;2;1;1;1;1;1;5;1;100;5120;70;497;75;63;16;75;80;63;116;electric;795;5;0
1;1;1;5;1;1;1;5;1;1;2;1;1;1;1;1;5;1;40;2560;70;205;190;15;3;20;35;35;60;electric;20;2;0
1;1;1;5;1;1;1;5;1;1;2;1;1;1;1;1;5;1;55;5120;70;365;120;55;8;70;80;60;45;electric;133;2;0
1;1;1;5;1;1;1;5;1;1;2;1;1;1;1;1;5;1;40;5120;70;280;235;40;6;55;65;45;35;electric;78;2;0
5;5;0;1;1;5;1;1;1;1;1;1;1;2;1;1;2;1;48;5120;70;341;200;66;4;62;59;57;49;fairy;35;6;0
5;5;0;1;1;5;1;1;1;1;1;1;1;2;1;1;2;1;70;2560;140;483;25;73;13;95;95;90;60;fairy;400;1;0
5;5;0;1;1;5;1;1;1;1;1;1;1;2;1;1;2;1;120;5120;70;450;75;75;14;90;60;60;45;fairy;487;2;0
5;5;0;1;1;5;1;1;1;1;1;1;1;2;1;1;2;1;65;5120;70;551;120;67;2;74;125;128;92;fairy;9;6;0
5;5;0;1;1;5;1;1;1;1;1;1;1;2;1;1;2;1;45;2560;140;323;150;48;6;70;60;65;35;fairy;75;1;0
5;5;0;1;1;5;1;1;1;1;1;1;1;2;1;1;2;1;80;5120;70;300;190;50;6;60;40;40;30;fairy;78;2;0
5;5;0;1;1;5;1;1;1;1;1;1;1;2;1;1;2;1;72;5120;70;462;140;72;8;101;99;89;29;fairy;155;6;0
5;5;0;1;1;5;1;1;1;1;1;1;1;2;1;1;2;1;65;5120;70;552;45;68;11;78;112;154;75;fairy;100;6;0
25;5;0;2;1;25;1;1;1;5;0;2;1;2;1;2;2;1;40;2560;70;405;75;85;6;55;80;105;40;fairy;32;2;0
5;5;0;1;1;5;1;1;1;1;1;1;1;2;1;1;2;1;65;8960;70;525;45;65;10;95;110;130;60;fairy;235;6;0
25;5;0;2;1;25;1;1;1;5;0;2;1;2;1;2;2;1;50;2560;70;545;30;95;15;85;120;115;80;fairy;380;4;0
5;5;0;1;1;5;1;1;1;1;1;1;1;2;1;1;2;1;131;30720;0;680;45;95;30;126;131;98;99;fairy;2150;6;1
5;5;0;1;1;5;1;1;1;1;1;1;1;2;1;1;2;1;80;5120;70;480;140;86;8;82;85;75;72;fairy;50;6;0
5;5;0;1;1;5;1;1;1;1;1;1;1;2;1;1;2;1;52;5120;70;341;200;60;2;78;63;65;23;fairy;5;6;0
5;5;0;1;1;5;1;1;1;1;1;1;1;2;1;1;2;1;52;5120;70;485;60;90;1;51;82;110;100;fairy;3;7;0
5;5;0;1;1;5;1;1;1;1;1;1;1;2;1;1;2;1;38;5120;70;303;225;39;1;44;61;79;42;fairy;1;6;0
5;5;0;1;1;5;1;1;1;1;1;1;1;2;1;1;2;1;20;2560;70;245;190;65;3;35;40;65;20;fairy;15;2;0
5;5;0;1;1;5;1;1;1;1;1;1;1;2;1;1;2;1;25;2560;140;218;150;28;3;50;45;55;15;fairy;30;2;0
5;5;1;1;2;1;1;2;1;1;1;1;1;1;2;5;1;1;120;5120;70;474;200;60;23;144;40;60;50;fighting;2538;3;0
25;5;5;1;1;2;2;1;1;5;2;5;5;0;1;25;5;1;145;6400;70;625;45;88;12;70;140;70;112;fighting;540;4;0
5;5;1;1;2;1;1;2;1;1;1;1;1;1;2;5;1;1;82;5120;70;338;225;57;6;47;42;47;63;fighting;70;7;0
1;25;1;1;4;2;1;2;5;1;1;1;1;1;0;5;1;1;124;6400;70;495;65;78;21;95;69;71;58;fighting;1360;6;0
5;5;1;1;2;1;1;2;1;1;1;1;1;1;2;5;1;1;70;6400;70;285;75;40;7;40;35;40;60;fighting;202;4;0
5;5;1;1;2;1;1;2;1;1;1;1;1;1;2;5;1;1;60;5120;70;237;180;30;10;72;20;30;25;fighting;864;3;0
5;5;1;1;2;1;1;2;1;1;1;1;1;1;2;5;1;1;95;6400;70;455;45;95;14;50;35;110;70;fighting;480;2;0
5;5;1;1;2;1;1;2;1;1;1;1;1;1;2;5;1;1;100;5120;70;465;45;85;13;120;30;85;45;fighting;555;5;0
5;5;1;1;2;1;1;2;1;1;1;1;1;1;2;5;1;1;125;5120;70;465;45;75;14;75;30;75;85;fighting;510;5;0
5;5;1;1;2;1;1;2;1;1;1;1;1;1;2;5;1;1;120;6400;70;455;45;53;15;50;35;110;87;fighting;498;1;0
5;5;1;1;2;1;1;2;1;1;1;1;1;1;2;5;1;1;125;6400;70;510;45;60;14;65;95;60;105;fighting;355;5;0
5;5;1;1;2;1;1;2;1;1;1;1;1;1;2;5;1;1;85;6400;70;350;180;50;9;45;55;50;65;fighting;200;5;0
1;1;1;1;2;5;1;2;2;1;1;1;1;1;1;5;1;1;100;5120;70;510;90;85;13;60;80;85;100;fighting;315;3;0
1;1;1;1;2;5;1;2;2;1;1;1;1;1;1;5;1;1;40;5120;70;280;180;55;6;30;40;55;60;fighting;112;3;0
5;5;1;1;2;1;1;2;1;1;1;1;1;1;2;5;1;1;140;5120;70;505;45;95;14;105;55;65;45;fighting;870;5;0
5;5;1;1;2;1;1;2;1;1;1;1;1;1;2;5;1;1;105;5120;70;405;90;85;12;85;40;50;40;fighting;400;5;0
5;5;1;1;2;1;1;2;1;1;1;1;1;1;2;5;1;1;80;5120;70;305;180;55;6;75;25;35;35;fighting;125;5;0
5;5;1;1;2;1;1;2;1;1;1;1;1;1;2;5;1;1;105;5120;70;455;75;60;10;65;60;70;95;fighting;320;1;0
5;5;1;1;2;1;1;2;1;1;1;1;1;1;2;5;1;1;80;5120;70;305;190;35;5;40;35;45;70;fighting;280;1;0
5;5;1;1;2;1;1;2;1;1;1;1;1;1;2;5;1;1;82;6400;70;348;220;62;6;67;46;48;43;fighting;80;6;0
5;5;1;1;2;1;1;2;1;1;1;1;1;1;2;5;1;1;105;6400;70;455;45;79;14;50;35;110;76;fighting;502;1;0
5;5;1;1;2;1;1;2;1;1;1;1;1;1;2;5;1;1;35;6400;70;210;75;35;7;35;35;35;35;fighting;210;2;0
5;5;1;1;2;1;1;2;1;1;1;1;1;1;2;5;1;1;130;5120;70;505;45;80;16;90;65;85;55;fighting;1300;1;0
5;5;1;1;2;1;1;2;1;1;1;1;1;1;2;5;1;1;100;5120;70;405;90;70;15;80;50;60;45;fighting;705;1;0
5;5;1;1;2;1;1;2;1;1;1;1;1;1;2;5;1;1;80;5120;70;305;180;50;8;70;35;35;35;fighting;195;1;0
5;5;1;1;2;1;1;2;1;1;1;1;1;1;2;5;1;1;120;5120;70;490;45;90;20;100;40;60;80;fighting;828;7;0
5;5;1;1;2;2;2;2;1;1;1;5;1;1;2;1;2;1;132;5120;70;478;60;77;17;97;62;67;43;fighting;1800;7;0
25;5;1;2;2;5;1;2;1;5;0;2;1;1;2;1;1;1;92;5120;70;500;100;75;8;78;74;63;118;fighting;215;6;0
5;1;1;1;5;1;5;1;1;5;2;5;1;1;1;2;5;2;97;5120;70;484;90;66;14;85;105;66;65;fire;580;5;0
5;1;1;1;5;1;5;1;1;5;2;5;1;1;1;2;5;2;95;6400;70;540;30;67;16;75;125;95;83;fire;680;4;0
5;1;2;5;1;1;25;1;1;25;2;1;1;1;1;2;5;1;78;5120;70;485;70;135;20;60;91;85;36;fire;2120;7;0
25;5;1;1;1;1;5;2;1;5;2;5;1;1;2;1;5;2;160;5120;70;630;45;80;19;80;130;80;100;fire;520;3;0
5;1;1;1;5;1;5;1;1;5;2;5;1;1;1;2;5;2;30;5120;70;540;60;105;13;105;140;105;55;fire;929;5;0
5;1;1;1;5;1;5;1;1;5;2;5;1;1;1;2;5;2;60;5120;70;310;45;40;4;45;70;50;45;fire;25;3;0
5;1;1;1;5;1;5;1;1;5;2;5;1;1;1;2;5;2;58;5120;70;309;45;44;5;44;58;44;61;fire;62;4;0
5;1;1;1;5;1;5;1;1;5;2;5;1;1;1;2;5;2;85;5120;70;470;90;140;5;70;85;70;20;fire;804;3;0
25;1;1;2;5;5;5;1;1;25;0;1;1;1;1;4;5;2;70;5120;70;476;45;70;6;75;98;70;93;fire;34;7;0
5;1;1;1;5;1;5;1;1;5;2;5;1;1;1;2;5;2;98;5120;70;498;75;63;10;75;98;63;101;fire;280;5;0
25;1;1;2;5;5;5;1;1;25;0;1;1;1;1;4;5;2;73;3840;70;382;120;55;7;62;56;52;84;fire;160;6;0
5;1;1;0;5;1;5;1;1;1;2;1;1;5;1;1;5;4;120;5120;70;560;150;100;19;70;145;105;20;fire;2200;3;0
5;1;1;1;5;1;5;1;1;5;2;5;1;1;1;2;5;2;65;3840;70;320;45;40;4;45;60;40;70;fire;43;7;0
5;1;1;1;5;1;5;1;1;5;2;5;1;1;1;2;5;2;85;3840;70;420;45;50;7;65;80;50;90;fire;250;7;0
5;1;1;1;5;1;5;1;1;5;2;5;1;1;1;2;5;2;100;5120;70;500;60;70;17;65;80;80;105;fire;950;1;0
5;1;1;1;5;1;5;1;1;5;2;5;1;1;1;2;5;2;85;5120;70;410;190;55;10;50;65;65;90;fire;300;1;0
5;1;1;1;5;1;5;1;1;5;2;5;1;1;1;2;5;2;52;5120;70;309;45;43;5;39;60;50;65;fire;79;2;0
5;1;1;1;5;1;5;1;1;5;2;5;1;1;1;2;5;2;63;5120;70;308;45;45;5;65;45;45;45;fire;99;5;0
25;5;1;1;1;1;5;2;1;5;2;5;1;1;2;1;5;2;93;5120;70;418;45;55;10;90;70;55;55;fire;555;5;0
25;1;1;2;5;5;5;1;1;25;0;1;1;1;1;4;5;2;100;20480;35;580;3;90;20;90;125;85;90;fire;600;1;1
5;1;1;1;5;1;5;1;1;5;2;5;1;1;1;2;5;2;64;5120;70;405;45;58;11;58;80;65;80;fire;190;1;0
25;1;1;2;5;5;5;1;1;25;0;1;1;1;1;4;5;2;104;5120;70;634;45;78;17;78;159;115;100;fire;905;1;0
5;1;1;1;5;1;5;1;1;5;2;5;1;1;1;2;5;2;130;8960;70;525;45;60;9;65;95;110;65;fire;250;1;0
25;5;1;1;1;1;5;2;1;5;2;5;1;1;2;1;5;2;104;5120;70;534;45;71;12;76;104;71;108;fire;550;4;0
5;1;1;1;5;1;5;1;1;5;2;5;1;1;1;2;5;2;45;5120;70;307;45;40;4;40;62;60;60;fire;94;6;0
5;1;1;1;5;1;5;1;1;5;2;5;1;1;1;2;5;2;59;5120;70;409;45;58;10;59;90;70;73;fire;145;6;0
1;2;1;1;5;5;5;1;2;5;2;5;1;1;5;2;5;2;69;5120;70;534;45;72;15;75;114;100;104;fire;390;6;0
5;1;1;1;5;1;5;1;1;5;2;5;1;1;1;2;5;2;67;5120;70;505;75;75;;73;81;100;109;fire;;1;0
5;1;1;1;5;1;5;1;1;5;2;5;1;1;1;2;5;2;41;5120;70;299;190;40;;38;50;65;65;fire;;1;0
1;5;1;1;1;2;5;1;5;5;2;5;1;1;0;2;5;2;115;3840;70;530;45;90;18;95;80;90;60;fire;830;7;0
5;1;1;1;5;1;5;1;1;5;2;5;1;1;1;2;5;2;53;5120;70;316;190;48;6;50;53;48;64;fire;110;5;0
25;1;5;1;25;2;1;5;1;25;4;25;5;0;5;1;25;2;90;2560;100;600;3;106;17;91;130;106;77;fire;4300;4;1
5;1;1;1;5;2;25;5;1;1;4;5;5;5;1;2;1;4;50;5120;70;430;75;120;8;60;90;80;30;fire;550;2;0
5;1;1;1;5;1;5;1;1;5;2;5;1;1;1;2;5;2;40;5120;70;250;190;40;7;40;70;40;20;fire;350;2;0
5;1;1;1;5;1;5;1;1;5;2;5;1;1;1;2;5;2;110;5120;70;555;75;80;19;90;100;80;95;fire;1550;1;0
5;1;1;1;5;2;5;1;0;5;2;5;1;1;1;2;5;2;50;5120;70;369;220;58;6;62;73;54;72;fire;135;6;0
5;1;1;1;5;1;5;1;1;5;2;5;1;1;1;2;5;2;75;6400;70;365;45;37;7;45;70;55;83;fire;214;2;0
5;1;1;1;5;1;5;1;1;5;2;5;1;1;1;2;5;2;52;5120;70;309;45;43;6;39;60;50;65;fire;85;1;0
25;5;1;1;1;1;5;2;1;5;2;5;1;1;2;1;5;2;123;5120;70;528;45;65;16;110;100;65;65;fire;1500;5;0
5;1;1;0;5;1;5;1;1;1;2;1;1;5;1;1;5;4;60;5120;70;305;255;40;7;60;65;45;35;fire;240;3;0
25;5;1;1;1;1;5;2;1;5;2;5;1;1;2;1;5;2;78;5120;70;405;45;52;9;64;78;52;81;fire;220;4;0
5;1;1;1;5;1;5;1;1;5;2;5;1;1;1;2;5;2;70;5120;70;350;190;45;7;55;70;50;60;fire;190;1;0
25;1;1;2;5;5;5;1;1;25;0;1;1;1;1;4;5;2;130;30720;0;680;3;90;38;106;110;154;90;fire;1990;2;1
5;1;1;1;5;2;5;1;0;5;2;5;1;1;1;2;5;2;68;5120;70;507;65;72;15;86;109;66;106;fire;815;6;0
25;1;1;2;5;5;5;1;1;25;0;1;1;1;1;4;5;2;81;3840;70;499;45;71;12;78;74;69;126;fire;245;6;0
5;1;1;1;5;1;5;1;1;5;2;5;1;1;1;2;5;2;95;6400;70;495;45;57;13;65;100;85;93;fire;445;1;0
5;1;1;2;5;1;25;1;1;1;2;25;1;1;1;2;25;1;110;30720;100;600;3;120;17;80;130;90;70;fire;1950;6;1
5;1;1;1;5;1;5;1;1;5;2;5;1;1;1;2;5;2;115;20480;35;580;3;85;21;115;90;75;100;fire;1980;2;1
5;1;1;1;5;1;5;1;1;5;2;5;1;1;1;2;5;2;64;5120;70;405;45;58;9;58;80;65;80;fire;190;2;0
5;1;1;1;5;1;5;1;1;5;2;5;1;1;1;2;5;2;84;5120;70;534;45;78;17;78;109;85;100;fire;795;2;0
25;5;1;1;1;1;5;2;1;5;2;5;1;1;2;1;5;2;85;5120;70;405;45;60;9;60;85;60;55;fire;195;3;0
5;1;1;1;5;1;5;1;1;5;2;5;1;1;1;2;5;2;90;5120;70;315;120;45;6;70;15;45;50;fire;375;5;0
5;1;1;2;1;5;1;1;1;5;0;2;1;1;1;2;1;1;100;30720;90;580;3;80;15;79;110;90;121;flying;630;5;1
5;1;2;1;2;5;5;1;1;25;0;4;1;1;1;2;1;5;70;5120;70;535;45;80;15;85;97;80;123;flying;850;6;0
5;1;2;1;2;5;5;1;1;25;0;4;1;1;1;2;1;5;30;5120;70;245;190;35;5;40;45;40;55;flying;80;6;0
25;2;1;2;1;0;1;1;2;5;0;2;0;5;1;2;1;1;50;7680;70;348;125;34;4;90;60;44;70;ghost;12;4;0
5;2;1;1;1;0;1;1;2;1;1;1;0;5;1;1;1;1;70;6400;35;455;90;130;16;40;60;130;25;ghost;306;3;0
25;2;1;2;1;0;1;1;2;5;0;2;0;5;1;2;1;1;80;7680;70;498;60;44;12;150;90;54;80;ghost;150;4;0
25;2;1;1;5;0;5;1;2;5;2;5;0;5;1;2;5;2;30;5120;70;275;190;55;3;50;65;55;20;ghost;31;5;0
5;2;1;1;1;0;1;1;2;1;1;1;0;5;1;1;1;1;50;6400;70;483;90;145;17;58;95;105;30;ghost;765;5;0
25;1;0;1;1;0;1;1;2;1;1;1;0;1;1;1;2;1;90;5120;70;476;45;80;2;55;50;105;96;ghost;7;7;0
1;2;1;5;1;0;2;2;2;5;5;2;0;1;1;1;1;5;110;5120;70;474;60;76;15;85;65;82;56;ghost;710;6;0
1;1;1;1;2;0;1;1;1;1;1;1;0;5;0;1;1;1;92;7680;70;485;100;108;10;50;92;108;35;ghost;1080;4;0
25;2;1;1;5;0;1;1;2;5;2;1;0;25;2;1;1;1;50;5120;70;405;90;45;16;45;115;55;95;ghost;1;1;0
25;2;1;1;5;0;1;1;2;5;2;1;0;25;2;1;1;1;35;5120;70;310;190;30;13;30;100;35;80;ghost;1;1;0
5;2;1;1;1;0;1;1;2;1;1;1;0;5;1;1;1;1;100;6400;35;525;45;135;22;45;65;135;45;ghost;1066;4;0
25;2;1;1;5;0;5;1;2;5;2;5;0;5;1;2;5;2;40;5120;70;370;90;60;6;60;95;60;55;ghost;130;5;0
25;2;1;1;5;0;5;1;2;5;2;5;0;5;1;2;5;2;55;5120;70;520;45;90;10;60;145;90;80;ghost;343;5;0
5;2;1;1;1;0;1;1;2;1;1;1;0;5;1;1;1;1;60;6400;35;495;45;60;9;60;105;105;105;ghost;44;4;0
5;2;1;1;1;0;1;1;2;1;1;1;0;5;1;1;1;1;165;6400;35;555;45;75;11;64;93;83;75;ghost;125;3;0
1;2;1;5;1;0;2;2;2;5;5;2;0;1;1;1;1;5;100;5120;70;494;60;122;17;85;58;75;54;ghost;390;6;0
1;2;1;5;1;0;2;2;2;5;5;2;0;1;1;1;1;5;66;5120;70;335;120;70;8;59;44;55;41;ghost;150;6;0
5;2;1;1;1;0;1;1;2;1;1;1;0;5;1;1;1;1;75;6400;35;295;225;35;6;44;63;33;45;ghost;23;3;0
5;2;2;5;2;0;5;1;2;5;1;2;0;5;1;1;1;5;120;30720;0;680;3;100;45;150;120;100;90;ghost;7500;4;1
5;2;1;1;1;0;1;1;2;1;1;1;0;5;1;1;1;1;40;6400;35;295;190;90;8;20;30;90;25;ghost;150;3;0
5;2;1;0;1;0;1;1;2;2;1;2;0;25;1;5;1;2;75;3840;70;480;60;110;13;85;100;75;35;ghost;2500;7;0
5;2;1;0;1;0;1;1;2;2;1;2;0;25;1;5;1;2;55;3840;70;320;140;80;5;55;70;45;15;ghost;700;7;0
5;2;1;1;1;0;1;1;2;1;1;1;0;5;1;1;1;1;60;6400;35;435;45;60;7;60;85;85;85;ghost;10;2;0
1;2;1;5;1;0;2;2;2;5;5;2;0;1;1;1;1;5;131;6400;70;517;25;100;39;70;86;90;40;ghost;2100;7;0
25;2;1;1;5;0;1;1;2;5;2;1;0;25;2;1;1;1;65;5120;70;600;45;80;15;60;170;95;130;ghost;405;1;0
5;2;1;1;1;0;1;1;2;1;1;1;0;5;1;1;1;1;30;6400;70;303;190;85;5;38;55;65;30;ghost;15;5;0
1;2;1;5;1;0;2;2;2;5;5;2;0;1;1;1;1;5;70;5120;70;309;120;48;4;43;50;60;38;ghost;70;6;0
2;1;1;5;1;1;2;2;1;5;5;2;1;2;1;1;1;5;40;3840;70;220;255;50;5;40;30;30;30;grass;40;3;0
1;2;1;5;1;0;2;2;2;5;5;2;0;1;1;1;1;5;107;3840;70;530;45;75;16;78;100;100;70;grass;366;7;0
1;1;1;1;1;5;2;2;1;25;0;4;1;2;1;2;1;5;75;3840;70;420;45;75;7;78;70;70;52;grass;160;7;0
2;1;1;5;1;1;2;2;1;5;5;2;1;2;1;1;1;5;105;5120;70;480;75;90;9;70;80;90;45;grass;185;7;0
2;1;1;5;1;1;2;2;1;5;5;2;1;2;1;1;1;5;60;5120;70;450;75;70;5;70;87;78;85;grass;93;4;0
1;1;1;5;5;5;2;2;1;25;1;2;1;1;2;1;1;5;70;5120;70;515;75;65;9;60;125;105;90;grass;145;4;0
1;1;1;5;5;5;2;2;1;25;1;2;1;1;2;1;1;5;30;5120;70;280;255;35;2;40;50;70;55;grass;12;4;0
2;1;1;5;1;1;2;2;1;5;5;2;1;2;1;1;1;5;100;6400;70;454;200;72;14;74;90;72;46;grass;270;4;0
2;1;1;5;1;1;2;2;1;5;5;2;1;2;1;1;1;5;35;5120;70;280;190;50;5;45;70;50;30;grass;66;5;0
2;1;1;5;1;1;2;2;1;5;5;2;1;2;1;1;1;5;85;5120;35;335;190;40;4;50;85;40;35;grass;513;3;0
2;1;1;5;1;1;2;2;1;5;5;2;1;2;1;1;1;5;86;5120;70;461;255;67;10;75;106;67;60;grass;280;5;0
2;1;1;5;1;1;2;2;1;5;5;2;1;2;1;1;1;5;35;5120;70;275;190;45;4;45;62;53;35;grass;33;4;0
4;2;1;5;1;5;2;2;2;5;5;2;1;2;5;1;1;5;105;5120;70;530;45;85;;95;125;75;45;grass;;1;0
2;1;1;0;1;1;2;2;1;1;5;4;1;1;1;5;1;1;109;5120;70;525;45;105;22;95;75;85;56;grass;3100;4;0
1;5;0;5;1;5;2;2;1;5;5;2;1;4;1;1;2;5;27;5120;70;280;190;60;3;40;37;50;66;grass;6;5;0
1;1;1;1;1;5;2;2;1;25;0;4;1;2;1;2;1;5;55;5120;70;460;45;70;8;75;55;95;110;grass;30;2;0
1;1;1;1;1;5;2;2;1;25;0;4;1;2;1;2;1;5;45;5120;70;340;120;50;6;55;45;65;80;grass;10;2;0
1;1;1;1;1;5;2;2;1;25;0;4;1;2;1;2;1;5;35;5120;70;250;255;40;4;35;35;55;50;grass;5;2;0
1;1;5;5;5;2;4;1;1;25;1;1;5;0;5;5;5;5;181;30720;0;570;255;131;3;59;59;31;109;grass;1;7;1
4;2;1;5;1;5;2;2;2;5;5;2;1;2;5;1;1;5;40;5120;70;325;90;80;4;60;60;45;40;grass;25;1;0
1;1;1;5;5;5;2;2;1;25;1;2;1;1;2;1;1;5;80;5120;70;490;45;85;12;75;110;90;50;grass;186;1;0
2;1;1;5;1;1;2;2;1;5;5;2;1;2;1;1;1;5;80;5120;70;490;45;95;4;75;90;100;50;grass;58;2;0
1;1;1;5;5;5;2;2;1;25;1;2;1;1;2;1;1;5;75;5120;70;300;255;35;7;50;70;30;40;grass;40;1;0
2;1;1;5;1;1;2;2;1;5;5;2;1;2;1;1;1;5;60;5120;70;480;75;75;11;70;110;75;90;grass;163;5;0
1;1;1;5;5;5;2;2;1;25;1;2;1;1;2;1;1;5;105;5120;70;490;45;65;17;80;100;70;70;grass;155;1;0
1;1;1;5;5;5;2;2;1;25;1;2;1;1;2;1;1;5;90;5120;70;390;120;50;10;65;85;45;55;grass;64;1;0
2;1;1;5;1;1;2;2;1;5;5;2;1;2;1;1;1;5;110;5120;70;630;45;75;17;70;145;85;145;grass;522;3;0
2;1;1;5;1;2;4;2;1;5;5;1;1;2;1;2;2;5;132;5120;70;594;60;105;22;90;132;105;30;grass;1355;4;0
2;1;1;5;1;2;4;2;1;5;5;1;1;2;1;2;2;5;62;5120;70;334;120;50;10;60;62;60;40;grass;505;4;0
2;1;1;5;1;1;2;2;1;5;5;2;1;2;1;1;1;5;120;5120;70;510;45;98;12;72;50;98;72;grass;214;7;0
2;1;1;5;1;1;2;2;1;5;5;2;1;2;1;1;1;5;40;5120;70;290;120;48;7;52;40;48;62;grass;82;7;0
1;1;1;1;1;5;2;2;1;25;0;4;1;2;1;2;1;5;68;6400;70;460;200;83;20;99;72;87;51;grass;1000;3;0
2;1;1;5;1;1;2;2;1;5;5;2;1;2;1;1;1;5;30;5120;70;210;235;38;3;42;30;38;32;grass;32;7;0
2;1;1;5;1;1;2;2;1;5;5;2;1;2;1;1;1;5;53;5120;70;316;190;48;6;50;53;48;64;grass;105;5;0
1;1;1;1;1;5;2;2;1;25;0;4;1;2;1;2;1;5;55;3840;70;320;45;55;3;68;50;50;42;grass;15;7;0
2;1;1;5;1;1;2;2;1;5;5;2;1;2;1;1;1;5;45;5120;70;308;45;55;6;45;45;55;63;grass;81;5;0
2;1;1;5;1;1;2;2;1;5;5;2;1;2;1;1;1;5;60;5120;70;413;45;75;8;60;60;75;83;grass;160;5;0
1;5;1;5;2;1;2;4;1;5;5;2;1;2;2;5;1;5;90;20480;35;580;3;72;20;91;90;129;108;grass;2000;5;1
2;1;1;5;1;1;2;2;1;5;5;2;1;2;1;1;1;5;103;30720;100;600;45;75;2;100;120;75;127;grass;21;4;1
2;1;1;5;1;1;2;2;1;5;5;2;1;2;1;1;1;5;89;5120;70;405;45;85;11;75;55;65;36;grass;970;4;0
2;1;1;5;1;1;2;2;1;5;5;2;1;2;1;1;1;5;82;5120;70;525;45;100;18;80;83;100;80;grass;1005;2;0
1;5;0;5;1;5;2;2;1;5;5;2;1;4;1;1;2;5;45;5120;70;405;75;80;10;60;90;100;30;grass;115;7;0
1;5;0;5;1;5;2;2;1;5;5;2;1;4;1;1;2;5;35;5120;70;285;190;55;2;40;65;75;15;grass;15;7;0
1;5;0;5;1;5;2;2;1;5;5;2;1;4;1;1;2;5;130;3840;70;570;3;115;19;70;85;95;75;grass;455;7;1
2;1;1;5;1;1;2;2;1;5;5;2;1;2;1;1;1;5;49;5120;70;318;45;65;9;45;49;65;45;grass;64;2;0
2;1;1;5;1;1;2;2;1;5;5;2;1;2;1;1;1;5;62;5120;70;405;45;80;12;60;63;80;60;grass;158;2;0
2;1;1;5;1;1;2;2;1;5;5;2;1;2;1;1;1;5;100;5120;70;531;45;62;17;123;97;81;68;grass;910;6;0
2;1;1;5;1;1;2;2;1;5;5;2;1;2;1;1;1;5;65;5120;70;350;200;48;9;66;62;57;52;grass;310;6;0
1;1;1;5;5;5;2;2;1;25;1;2;1;1;2;1;1;5;85;5120;70;464;75;70;6;114;85;80;30;grass;105;5;0
1;5;1;5;2;1;2;4;1;5;5;2;1;2;2;5;1;5;130;3840;70;460;90;80;12;60;60;60;70;grass;392;3;0
1;1;1;5;5;5;2;2;1;25;1;2;1;1;2;1;1;5;55;5120;70;294;190;45;2;69;55;55;15;grass;10;5;0
2;1;1;5;1;1;2;2;1;5;5;2;1;2;1;1;1;5;40;3840;70;295;255;60;4;60;40;60;35;grass;45;3;0
2;1;1;5;1;1;2;2;1;5;5;2;1;2;1;1;1;5;75;5120;70;528;45;95;33;75;75;95;113;grass;630;5;0
4;5;1;5;2;2;2;2;5;5;5;2;1;2;0;1;1;5;115;5120;35;475;60;60;13;70;115;60;55;grass;774;3;0
1;1;1;5;5;5;2;2;1;25;1;2;1;1;2;1;1;5;49;5120;70;318;45;49;7;45;65;65;45;grass;69;1;0
1;1;1;5;5;5;2;2;1;25;1;2;1;1;2;1;1;5;62;5120;70;405;45;63;10;60;80;80;60;grass;130;1;0
1;1;1;5;5;5;2;2;1;25;1;2;1;1;2;1;1;5;100;5120;70;625;45;123;20;80;122;120;80;grass;1000;1;0
2;1;1;5;1;1;2;2;1;5;5;2;1;2;1;1;1;5;30;5120;70;180;235;30;3;30;30;30;30;grass;18;2;0
2;1;1;5;1;1;2;2;1;5;5;2;1;2;1;1;1;5;55;5120;70;250;190;35;3;40;50;35;35;grass;15;7;0
2;1;1;5;1;1;2;2;1;5;5;2;1;2;1;1;1;5;61;5120;70;313;45;65;4;56;48;45;38;grass;90;6;0
2;1;1;5;1;1;2;2;1;5;5;2;1;2;1;1;1;5;78;5120;70;405;45;95;7;61;56;58;57;grass;290;6;0
1;5;1;5;2;1;2;4;1;5;5;2;1;2;2;5;1;5;107;5120;70;530;45;122;16;88;74;75;64;grass;900;6;0
2;1;1;5;1;1;2;2;1;5;5;2;1;2;1;1;1;5;75;5120;70;425;120;55;8;75;105;85;30;grass;85;2;0
2;1;1;5;1;1;2;2;1;5;5;2;1;2;1;1;1;5;98;5120;70;498;75;63;11;75;98;63;101;grass;305;5;0
1;1;5;5;5;2;4;1;1;25;1;1;5;0;5;5;5;5;94;5120;70;489;90;131;10;74;54;116;20;grass;1100;5;0
1;1;1;5;5;5;2;2;1;25;1;2;1;1;2;1;1;5;60;5120;70;400;150;45;3;50;100;80;65;grass;20;3;0
1;1;5;5;5;2;4;1;1;25;1;1;5;0;5;5;5;5;50;5120;70;305;255;91;6;44;24;86;10;grass;188;5;0
2;1;1;5;1;1;2;2;1;5;5;2;1;2;1;1;1;5;68;5120;70;318;45;64;4;55;45;55;31;grass;102;4;0
2;1;1;5;1;1;2;2;1;5;5;2;1;2;1;1;1;5;110;8960;35;525;45;130;10;65;60;65;95;grass;255;4;0
2;1;1;5;1;1;2;2;1;5;5;2;1;2;1;1;1;5;100;5120;70;535;30;125;20;100;110;50;50;grass;1286;4;0
2;1;1;5;1;1;2;2;1;5;5;2;1;2;1;1;1;5;55;5120;70;435;45;115;10;65;100;40;60;grass;350;1;0
1;1;1;5;5;5;2;2;1;25;1;2;1;1;2;1;1;5;65;5120;70;395;120;70;8;60;85;75;40;grass;86;1;0
1;1;1;5;5;5;2;2;1;25;1;2;1;1;2;1;1;5;50;5120;70;320;255;55;5;45;75;65;30;grass;54;1;0
4;5;1;5;2;2;2;2;5;5;5;2;1;2;0;1;1;5;100;3840;70;480;45;60;13;90;90;60;80;grass;596;3;0
4;5;1;5;2;2;2;2;5;5;5;2;1;2;0;1;1;5;70;3840;70;340;120;40;10;70;60;40;60;grass;280;3;0
1;5;0;5;1;5;2;2;1;5;5;2;1;4;1;1;2;5;67;5120;70;480;75;85;7;60;77;75;116;grass;66;5;0
2;1;1;5;1;1;2;2;1;5;5;2;1;2;1;1;1;5;45;5120;70;310;45;35;5;40;65;55;70;grass;50;3;0
2;1;1;5;1;1;2;2;1;5;5;2;1;2;1;1;1;5;65;5120;70;405;45;45;9;50;85;65;95;grass;216;3;0
5;1;1;0;1;5;1;1;1;1;0;4;1;5;1;1;1;2;145;30720;90;600;3;90;15;89;105;80;91;ground;680;5;1
1;1;1;0;1;1;1;1;1;2;1;2;1;5;1;5;1;2;100;5120;70;290;255;45;7;45;45;45;10;ground;150;3;0
1;1;1;0;1;1;1;1;1;2;1;2;1;5;1;5;1;2;120;5120;70;500;60;120;11;90;60;60;50;ground;1200;2;0
5;2;1;0;1;0;1;1;2;2;1;2;0;25;1;5;1;2;124;6400;70;483;90;80;28;89;55;80;55;ground;3300;5;0
5;2;1;0;1;0;1;1;2;2;1;2;0;25;1;5;1;2;74;6400;70;303;190;50;10;59;35;50;35;ground;920;5;0
1;1;1;0;1;1;1;1;1;2;1;2;1;5;1;5;1;2;80;5120;70;425;75;110;;60;50;80;45;ground;;1;0
2;2;1;0;1;5;1;1;2;2;1;2;1;5;5;5;1;2;70;5120;70;500;90;105;15;60;70;120;75;ground;1080;3;0
2;2;1;0;1;5;1;1;2;2;1;2;1;5;5;5;1;2;40;5120;70;300;255;55;5;40;40;70;55;ground;215;3;0
1;1;1;0;1;1;1;1;1;2;1;2;1;5;1;5;1;2;180;30720;0;770;3;160;35;100;150;90;90;ground;9500;3;1
2;5;1;0;2;2;1;1;5;2;1;2;1;5;0;5;1;2;82;5120;70;351;90;45;10;60;45;45;74;ground;334;5;0
2;5;1;0;2;2;1;1;5;2;1;2;1;5;0;5;1;2;72;5120;70;292;180;35;7;50;35;35;65;ground;152;5;0
1;1;1;0;1;1;1;1;1;2;1;2;1;5;1;5;1;2;100;5120;70;385;190;70;10;70;45;55;45;ground;1100;7;0
1;1;1;0;1;1;1;1;1;2;1;2;1;5;1;5;1;2;125;5120;70;500;60;100;25;100;55;85;35;ground;9200;7;0
1;1;1;0;1;2;5;5;1;4;2;2;5;25;1;5;2;4;140;5120;70;535;30;130;24;115;55;55;40;ground;2828;4;0
1;1;1;0;1;2;5;5;1;4;2;2;5;25;1;5;2;4;130;5120;70;485;60;120;19;105;45;45;40;ground;1200;1;0
5;1;1;0;1;5;1;1;1;1;0;4;1;5;1;1;1;2;95;5120;70;510;30;125;20;75;45;75;95;ground;425;4;0
5;1;1;0;1;5;1;1;1;1;0;4;1;5;1;1;1;2;75;5120;70;430;60;105;11;65;35;65;85;ground;648;2;0
1;1;1;0;1;1;1;1;1;2;1;2;1;5;1;5;1;2;112;7680;70;525;60;118;20;108;68;72;47;ground;3000;4;0
1;1;1;0;1;1;1;1;1;2;1;2;1;5;1;5;1;2;72;7680;70;330;140;78;8;68;38;42;32;ground;495;4;0
2;5;1;0;2;2;1;1;5;2;1;2;1;5;0;5;1;2;117;5120;70;519;45;80;15;95;65;70;92;ground;963;5;0
1;1;1;0;1;1;1;1;1;2;1;2;1;5;1;5;1;2;50;5120;70;320;190;95;4;50;40;50;35;ground;65;1;0
1;1;1;0;1;1;1;1;1;2;1;2;1;5;1;5;1;2;60;5120;70;330;120;60;5;90;40;40;40;ground;335;2;0
1;1;1;0;1;1;1;1;1;2;1;2;1;5;1;5;1;2;100;5120;70;425;50;60;;35;50;70;110;ground;;1;0
1;1;1;0;1;1;1;1;1;2;1;2;1;5;1;5;1;2;85;5120;70;328;120;40;3;60;30;45;68;ground;85;5;0
1;1;1;0;1;1;1;1;1;2;1;2;1;5;1;5;1;2;55;5120;70;265;255;30;;10;35;45;90;ground;;1;0
1;1;1;0;1;1;1;1;1;2;1;2;1;5;1;5;1;2;100;5120;70;450;90;120;;75;25;65;65;ground;;1;0
1;1;1;0;1;1;1;1;1;2;1;2;1;5;1;5;1;2;75;5120;70;300;255;90;;50;10;35;40;ground;;1;0
1;1;2;0;2;1;5;1;1;1;1;4;1;5;1;5;1;1;100;5120;70;520;45;80;20;80;80;80;100;ground;820;3;0
1;1;1;0;1;2;5;5;1;4;2;2;5;25;1;5;2;4;85;5120;70;345;120;95;10;80;30;30;25;ground;1150;1;0
5;1;5;0;5;2;2;5;1;1;2;1;5;0;5;25;5;2;135;5120;70;508;60;60;7;110;50;65;88;ground;404;5;0
1;1;1;0;1;1;1;5;1;2;2;2;1;5;1;5;5;2;66;5120;70;471;75;84;7;109;81;99;32;ground;110;5;0
1;1;2;0;2;1;5;1;1;1;1;4;1;5;1;5;1;1;70;5120;70;340;120;50;11;50;50;50;70;ground;153;3;0
1;1;1;2;1;2;1;1;1;2;1;25;1;1;1;2;1;5;60;5120;70;410;120;70;11;90;75;70;45;ice;876;3;0
1;1;1;1;1;2;2;1;1;1;1;5;1;1;1;2;2;1;70;5120;70;305;120;40;5;55;60;40;40;ice;85;5;0
1;1;1;2;1;2;1;1;1;2;1;25;1;1;1;2;1;5;40;5120;70;290;255;50;8;70;55;50;25;ice;395;3;0
1;1;1;1;1;2;2;1;1;1;1;5;1;1;1;2;2;1;50;6400;70;515;25;50;11;80;95;135;105;ice;1480;5;0
5;1;1;2;1;1;2;1;1;5;0;1;1;1;1;4;2;1;55;5120;70;330;45;45;9;45;65;45;75;ice;160;2;0
1;1;1;1;1;2;2;1;1;1;1;5;1;1;1;2;2;1;120;5120;70;580;75;80;15;80;120;80;100;ice;2565;3;0
5;1;1;2;1;1;2;1;1;5;0;1;1;1;1;4;2;1;85;20480;35;580;3;100;17;90;95;125;85;ice;554;1;1
1;1;1;1;1;2;2;1;1;1;1;5;1;1;1;2;2;1;130;5120;70;505;60;80;26;95;70;80;50;ice;2600;5;0
1;1;1;1;1;2;2;1;1;1;1;5;1;1;1;2;2;1;60;8960;35;525;45;110;8;65;130;95;65;ice;259;4;0
1;1;1;1;1;2;2;1;1;1;1;5;1;1;1;2;2;1;50;5120;70;305;255;50;4;36;65;60;44;ice;57;5;0
2;2;1;1;1;1;2;1;2;1;1;5;1;1;5;2;2;1;50;6400;70;455;45;35;14;65;115;95;95;ice;406;1;0
1;1;1;2;1;2;1;1;1;2;1;25;1;1;1;2;1;5;80;5120;70;530;45;90;14;110;95;90;65;ice;1506;3;0
1;1;1;1;1;2;2;1;1;1;1;5;1;1;1;2;2;1;69;5120;70;304;190;85;10;55;32;35;28;ice;995;6;0
1;1;1;1;1;2;2;1;1;1;1;5;1;1;1;2;2;1;50;20480;35;580;3;100;18;80;100;200;50;ice;1750;3;1
1;1;1;1;1;2;2;1;1;1;1;5;1;1;1;2;2;1;117;5120;70;514;55;184;20;95;44;46;28;ice;5050;6;0
1;1;1;1;1;2;2;1;1;1;1;5;1;1;1;2;2;1;65;5120;70;395;120;65;11;51;80;75;59;ice;410;5;0
2;2;1;1;1;1;2;1;2;1;1;5;1;1;5;2;2;1;30;6400;70;305;45;15;4;45;85;65;65;ice;60;2;0
1;1;1;0;1;2;2;1;1;2;1;1;1;5;1;1;2;2;50;5120;70;250;225;40;4;50;30;30;50;ice;65;2;0
1;1;1;1;1;2;2;1;1;1;1;5;1;1;1;2;2;1;50;5120;70;300;190;50;7;50;50;50;50;ice;168;3;0
5;2;1;1;1;0;2;1;2;1;1;5;0;5;1;2;2;1;80;5120;70;480;75;70;13;70;80;70;110;ice;266;4;0
1;1;1;1;1;2;2;1;1;1;1;5;1;1;1;2;2;1;95;5120;70;535;45;85;13;71;110;95;79;ice;575;5;0
1;1;1;0;1;2;2;1;1;2;1;1;1;5;1;1;2;2;100;5120;70;450;75;80;11;100;60;60;50;ice;558;2;0
1;1;1;0;1;2;2;1;1;2;1;1;1;5;1;1;2;2;130;5120;70;530;50;80;25;110;70;60;80;ice;2910;4;0
1;1;1;1;1;2;1;1;0;1;1;1;1;1;1;1;1;1;120;30720;0;720;3;120;32;120;120;120;120;normal;3200;4;1
5;5;0;1;1;1;1;1;0;1;1;1;1;2;1;1;2;1;70;2560;70;435;50;45;10;140;85;50;45;normal;120;1;0
5;5;0;1;1;1;1;1;0;1;1;1;1;2;1;1;2;1;45;2560;70;270;170;20;5;115;45;25;20;normal;55;1;0
5;5;0;1;1;1;1;1;0;1;1;1;1;2;1;1;2;1;30;2560;70;210;170;15;3;90;40;20;15;normal;10;2;0
1;1;1;1;1;2;1;1;0;1;1;1;1;1;1;1;1;1;110;5120;70;490;45;95;16;95;40;95;55;normal;946;5;0
5;1;1;2;1;1;1;1;0;5;0;2;1;1;1;2;1;1;90;3840;70;442;90;65;12;65;61;61;100;normal;380;1;0
1;1;1;2;1;2;5;1;0;2;1;5;1;1;1;1;5;5;85;3840;70;410;127;60;10;79;55;60;71;normal;315;4;0
1;1;1;1;1;2;1;1;0;1;1;1;1;1;1;1;1;1;85;10240;70;390;50;40;6;135;40;85;5;normal;1050;4;0
1;1;1;1;1;2;1;1;0;1;1;1;1;1;1;1;1;1;95;5120;70;465;45;62;14;73;85;65;85;normal;712;2;0
1;1;1;1;1;2;1;1;0;1;1;1;1;1;1;1;1;1;71;5120;70;360;120;43;10;84;71;43;48;normal;405;3;0
1;1;1;1;1;2;1;1;0;1;1;1;1;1;1;1;1;1;110;3840;70;500;45;90;12;85;45;90;80;normal;610;5;0
5;1;1;2;1;1;1;1;0;5;0;2;1;1;1;2;1;1;80;3840;70;579;45;80;15;83;135;80;121;normal;395;1;0
5;1;1;2;1;1;1;1;0;5;0;2;1;1;1;2;1;1;60;3840;70;349;120;55;11;63;50;50;71;normal;300;1;0
5;1;1;2;1;1;1;1;0;5;0;2;1;1;1;2;1;1;85;3840;70;355;120;50;6;55;40;50;75;normal;148;7;0
5;1;1;2;1;1;1;1;0;5;0;2;1;1;1;2;1;1;120;3840;70;485;45;75;11;80;75;75;60;normal;260;7;0
1;1;1;1;1;2;1;1;0;1;1;1;1;1;1;1;1;1;115;5120;70;458;90;60;13;73;60;60;90;normal;403;3;0
1;1;1;1;1;2;1;1;0;1;1;1;1;1;1;1;1;1;55;5120;70;310;190;42;5;49;42;37;85;normal;39;4;0
1;1;1;1;1;2;1;1;0;1;1;1;1;1;1;1;1;1;50;3840;70;300;255;40;4;55;40;40;75;normal;58;5;0
1;1;1;1;1;2;1;1;0;1;1;1;1;1;1;1;1;1;60;5120;70;440;90;60;;65;75;65;115;normal;;1;0
1;1;1;1;1;2;1;1;0;1;1;1;1;1;1;1;1;1;90;5120;70;440;200;70;10;60;60;120;40;normal;220;3;0
1;1;1;1;1;2;1;1;0;1;1;1;1;1;1;1;1;1;160;30720;0;670;3;110;37;110;80;110;100;normal;4200;4;1
5;1;1;2;1;1;1;1;0;5;0;2;1;1;1;2;1;1;40;5120;70;310;255;60;4;45;40;75;50;normal;12;3;0
1;1;1;0;1;2;1;1;0;2;1;2;1;5;1;5;1;2;56;3840;70;423;127;77;10;85;50;77;78;normal;424;6;0
1;1;1;1;1;2;1;1;0;1;1;1;1;1;1;1;1;1;36;3840;70;237;255;38;4;38;32;36;57;normal;50;6;0
1;1;1;1;1;2;1;1;0;1;1;1;1;1;1;1;1;1;115;5120;70;480;45;65;4;65;75;95;65;normal;199;7;0
5;1;1;2;1;1;1;1;0;5;0;2;1;1;1;2;1;1;83;5120;70;350;190;50;5;70;37;50;60;normal;105;5;0
1;1;1;1;1;2;1;1;0;1;1;1;1;1;1;1;1;1;5;10240;140;450;30;5;11;250;35;105;50;normal;346;1;0
1;1;1;1;1;2;1;1;0;1;1;1;1;1;1;1;1;1;55;8960;70;325;45;50;3;55;45;65;55;normal;65;1;0
5;5;1;1;2;2;1;2;0;1;1;1;1;1;2;5;1;1;75;3840;70;340;140;50;5;70;45;50;50;normal;68;7;0
1;1;1;1;1;2;1;1;0;1;1;1;1;1;1;1;1;1;10;10240;140;540;30;10;15;255;75;135;55;normal;468;2;0
1;1;1;1;1;2;1;1;0;1;1;1;1;1;1;1;1;1;60;5120;70;545;255;126;11;103;80;126;50;normal;310;5;0
1;1;1;1;1;2;1;1;0;1;1;1;1;1;1;1;1;1;130;5120;70;500;60;75;18;90;75;75;55;normal;1258;2;0
1;1;1;1;1;2;1;1;0;1;1;1;1;1;1;1;1;1;45;3840;70;260;255;45;6;50;35;35;50;normal;110;3;0
1;1;1;1;1;2;1;1;0;1;1;1;1;1;1;1;1;1;70;5120;70;415;190;70;15;100;65;65;45;normal;140;2;0
1;1;1;1;1;2;1;1;0;1;1;1;1;1;1;1;1;1;160;3840;70;670;45;100;20;150;95;65;100;normal;1305;3;0
1;1;1;1;1;2;1;1;0;1;1;1;1;1;1;1;1;1;85;5120;70;515;30;95;17;110;80;95;50;normal;1400;4;0
1;1;1;1;1;2;1;1;0;1;1;1;1;1;1;1;1;1;55;5120;70;385;45;75;12;90;60;75;30;normal;655;1;0
1;1;1;1;1;2;1;1;0;1;1;1;1;1;1;1;1;1;80;5120;70;330;120;50;6;60;50;50;40;normal;88;2;0
1;1;1;1;1;2;1;1;0;1;1;1;1;1;1;1;1;1;70;3840;70;253;255;30;4;48;30;30;45;normal;60;7;0
1;1;1;1;1;2;1;1;0;1;1;1;1;1;1;1;1;1;76;3840;70;415;90;64;18;85;45;55;90;normal;325;2;0
2;2;1;1;1;1;1;1;0;1;1;1;1;1;5;1;1;1;80;5120;70;455;60;65;15;70;90;65;85;normal;415;2;0
1;1;1;1;1;2;1;1;0;1;1;1;1;1;1;1;1;1;70;5120;70;360;45;55;8;55;40;55;85;normal;115;2;0
1;1;1;1;1;2;1;1;0;1;1;1;1;1;1;1;1;1;100;5120;100;482;45;66;12;75;60;66;115;normal;203;4;0
1;1;1;1;1;2;1;1;0;1;1;1;1;1;1;1;1;1;85;5120;70;420;255;69;11;60;60;69;77;normal;270;5;0
1;1;1;1;1;2;1;1;0;1;1;1;1;1;1;1;1;1;91;5120;70;490;45;63;15;104;91;73;68;normal;840;3;0
1;1;1;1;1;2;1;1;0;1;1;1;1;1;1;1;1;1;80;3840;70;370;120;65;9;65;35;65;60;normal;147;5;0
2;2;1;1;1;1;1;1;0;1;1;1;1;1;5;1;1;1;128;30720;100;600;3;90;6;100;77;77;128;normal;65;5;1
1;1;1;1;1;2;1;1;0;1;1;1;1;1;1;1;1;1;80;5120;70;490;45;105;12;95;40;70;100;normal;755;2;0
1;1;1;1;1;2;1;1;0;1;1;1;1;1;1;1;1;1;71;3840;70;413;127;70;;75;40;80;77;normal;;1;0
1;1;1;1;1;2;1;1;0;1;1;1;1;1;1;1;1;1;56;3840;70;253;255;35;;30;25;35;72;normal;;1;0
5;1;1;2;1;1;1;1;0;5;0;2;1;1;1;2;1;1;65;5120;35;411;30;45;5;76;92;42;91;normal;19;4;0
5;1;1;2;1;1;1;1;0;5;0;2;1;1;1;2;1;1;50;3840;70;452;90;50;16;100;86;96;70;normal;408;2;0
5;1;1;2;1;1;1;1;0;5;0;2;1;1;1;2;1;1;30;3840;70;262;255;30;7;60;36;56;50;normal;212;2;0
1;1;1;1;1;2;1;1;0;1;1;1;1;1;1;1;1;1;20;5120;70;250;45;35;12;55;20;45;75;normal;580;2;0
1;1;1;1;1;2;1;1;0;1;1;1;1;1;1;1;1;1;125;5120;70;590;45;100;22;105;60;100;100;normal;800;1;0
1;1;2;5;2;2;5;1;0;5;1;2;1;1;1;1;1;5;60;5120;70;485;70;85;30;78;135;91;36;normal;1850;7;0
1;1;1;1;1;2;1;1;0;1;1;1;1;1;1;1;1;1;5;10240;140;220;130;5;6;100;15;65;30;normal;244;4;0
1;1;1;1;1;2;1;1;0;1;1;1;1;1;1;1;1;1;45;3840;70;250;255;40;5;59;35;40;31;normal;200;4;0
5;5;0;1;1;1;1;1;0;1;1;1;1;2;1;1;2;1;20;2560;70;190;150;40;2;50;20;40;20;normal;20;3;0
1;1;1;1;1;2;1;1;0;1;1;1;1;1;1;1;1;1;80;5120;70;472;160;60;12;75;65;90;102;normal;280;6;0
5;1;1;2;1;1;1;1;0;5;0;2;1;1;1;2;1;1;120;3840;70;485;45;70;12;85;50;60;100;normal;249;4;0
1;1;1;1;1;2;1;1;0;1;1;1;1;1;1;1;1;1;65;3840;70;400;60;65;11;70;55;55;90;normal;326;3;0
5;1;1;2;1;1;1;1;0;5;0;2;1;1;1;2;1;1;115;3840;70;488;45;80;12;80;65;55;93;normal;290;5;0
1;1;1;1;1;2;1;1;0;1;1;1;1;1;1;1;1;1;60;3840;70;275;255;45;4;45;25;45;55;normal;41;5;0
1;1;1;1;1;2;1;1;0;1;1;1;1;1;1;1;1;1;136;5120;140;580;60;94;12;65;54;96;135;normal;333;4;0
1;1;1;1;1;2;1;1;0;1;1;1;1;1;1;1;1;1;66;5120;0;350;190;44;4;55;44;56;85;normal;55;4;0
1;1;1;1;1;2;1;1;0;1;1;1;1;1;1;1;1;1;70;3840;70;420;90;61;5;78;50;61;100;normal;325;3;0
2;2;1;1;1;1;1;1;0;1;1;1;1;1;5;1;1;1;60;5120;70;490;45;80;15;90;90;110;60;normal;760;7;0
1;1;1;1;1;2;1;1;0;1;1;1;1;1;1;1;1;1;95;3840;70;470;60;60;5;75;65;60;115;normal;75;5;0
1;1;1;1;1;2;1;1;0;1;1;1;1;1;1;1;1;1;46;3840;70;215;255;34;8;35;35;45;20;normal;60;2;0
1;1;1;1;1;2;1;1;0;1;1;1;1;1;1;1;1;1;55;3840;70;255;255;39;5;45;35;39;42;normal;116;5;0
1;1;1;1;1;2;1;1;0;1;1;1;1;1;1;1;1;1;35;5120;70;290;255;35;;40;50;40;90;normal;;1;0
2;1;1;5;1;2;2;2;0;5;5;2;1;2;1;1;1;5;100;5120;70;475;75;70;19;80;60;70;95;normal;925;5;0
2;1;1;5;1;2;2;2;0;5;5;2;1;2;1;1;1;5;60;5120;70;335;190;50;6;60;40;50;75;normal;195;5;0
1;1;1;1;1;2;1;1;0;1;1;1;1;1;1;1;1;1;60;3840;70;280;255;60;8;60;35;35;30;normal;240;3;0
1;1;1;1;1;2;1;1;0;1;1;1;1;1;1;1;1;1;110;10240;70;540;25;65;21;160;65;110;30;normal;4600;1;0
1;1;1;1;1;2;1;1;0;1;1;1;1;1;1;1;1;1;60;3840;70;360;255;60;11;60;60;60;60;normal;50;3;0
1;1;1;1;1;2;1;1;0;1;1;1;1;1;1;1;1;1;110;3840;70;418;127;60;7;88;55;60;45;normal;142;7;0
5;1;1;2;1;1;1;1;0;5;0;2;1;1;1;2;1;1;75;3840;70;340;120;50;6;55;40;40;80;normal;155;4;0
5;1;1;2;1;1;1;1;0;5;0;2;1;1;1;2;1;1;55;3840;70;245;255;30;3;40;30;30;60;normal;20;4;0
5;5;1;1;2;2;1;2;0;1;1;1;1;1;2;5;1;1;125;3840;70;500;70;80;21;120;55;60;60;normal;1350;7;0
5;1;1;2;1;1;1;1;0;5;0;2;1;1;1;2;1;1;85;3840;70;455;45;60;7;60;75;50;125;normal;198;3;0
1;1;1;1;1;2;1;1;0;1;1;1;1;1;1;1;1;1;95;30720;0;534;3;95;19;95;95;95;59;normal;1205;7;0
1;1;1;1;1;2;1;1;0;1;1;1;1;1;1;1;1;1;95;30720;0;570;3;95;23;95;95;95;95;normal;1005;7;0
1;1;1;1;1;2;1;1;0;1;1;1;1;1;1;1;1;1;82;5120;70;452;75;64;10;71;64;59;112;normal;438;4;0
5;1;1;2;1;1;1;1;0;5;0;2;1;1;1;2;1;1;45;3840;70;251;255;40;3;40;35;35;56;normal;18;1;0
5;1;1;2;1;1;1;1;0;5;0;2;1;1;1;2;1;1;60;3840;70;262;255;30;3;40;31;31;70;normal;20;1;0
5;1;1;2;1;1;1;1;0;5;0;2;1;1;1;2;1;1;55;3840;70;264;255;50;3;50;36;30;43;normal;21;5;0
1;1;1;1;1;2;1;1;0;1;1;1;1;1;1;1;1;1;30;3840;70;240;255;41;4;38;30;41;60;normal;175;3;0
5;1;1;2;1;1;1;1;0;5;0;2;1;1;1;2;1;1;50;3840;70;278;255;43;3;45;40;38;62;normal;17;6;0
5;1;1;2;1;1;1;1;0;5;0;2;1;1;1;2;1;1;55;3840;70;270;200;30;3;40;30;30;85;normal;23;3;0
1;1;1;1;1;2;1;1;0;1;1;1;1;1;1;1;1;1;48;5120;70;288;35;48;3;48;48;48;48;normal;40;1;0
5;1;1;2;1;1;1;1;0;5;0;2;1;1;1;2;1;1;110;5120;70;470;45;70;18;60;60;60;110;normal;852;1;0
5;1;1;2;1;1;1;1;0;5;0;2;1;1;1;2;1;1;85;5120;70;310;190;45;14;35;35;35;75;normal;392;1;0
5;1;1;2;1;1;1;1;0;5;0;2;1;1;1;2;1;1;123;5120;70;510;60;75;15;100;57;75;80;normal;410;5;0
1;1;1;1;1;2;1;1;0;1;1;1;1;1;1;1;1;1;80;5120;70;535;30;70;9;85;135;75;90;normal;340;4;0
1;1;1;1;1;2;1;1;0;1;1;1;1;1;1;1;1;1;60;5120;70;395;45;70;8;65;85;75;40;normal;365;1;0
1;1;1;1;1;2;1;1;0;1;1;1;1;1;1;1;1;1;80;5120;70;515;45;90;6;85;105;95;60;normal;325;2;0
1;1;1;1;1;2;1;1;0;1;1;1;1;1;1;1;1;1;70;6400;70;420;45;70;3;70;70;70;70;normal;8;3;0
1;1;1;1;1;2;1;1;0;1;1;1;1;1;1;1;1;1;51;5120;70;240;190;23;6;64;51;23;28;normal;163;3;0
1;1;1;1;1;2;1;1;0;1;1;1;1;1;1;1;1;1;100;5120;70;490;45;95;14;75;40;70;110;normal;884;1;0
5;1;1;2;1;1;1;1;0;5;0;2;1;1;1;2;1;1;90;5120;70;377;45;55;8;52;58;62;60;normal;150;1;0
1;1;1;1;1;2;1;1;0;1;1;1;1;1;1;1;1;1;80;3840;70;440;120;80;14;80;55;55;90;normal;465;3;0
5;1;1;2;1;1;1;1;0;5;0;2;1;1;1;2;1;1;77;3840;70;358;120;62;6;62;50;42;65;normal;150;5;0
5;1;1;2;1;1;1;1;0;5;0;2;1;1;1;2;1;1;75;3840;70;265;255;30;3;35;30;30;65;normal;12;7;0
25;1;1;2;5;25;1;1;1;25;0;2;1;5;2;2;1;1;80;3840;70;455;90;70;16;75;65;75;90;poison;550;1;0
25;1;1;2;5;25;1;1;1;25;0;2;1;5;2;2;1;1;90;3840;70;535;90;80;18;85;70;80;130;poison;750;2;0
25;1;1;2;5;25;1;1;1;25;0;2;1;5;2;2;1;1;45;3840;70;245;255;35;8;40;30;40;55;poison;75;1;0
5;1;1;2;5;5;5;1;1;1;2;5;1;5;2;1;5;5;63;5120;70;495;75;152;7;50;53;142;35;poison;145;7;0
5;1;1;2;5;5;5;1;1;1;2;5;1;5;2;1;5;5;53;5120;70;305;190;62;4;50;43;52;45;poison;80;7;0
5;1;1;1;5;5;1;1;1;5;2;1;1;5;2;1;1;1;95;5120;70;448;90;69;35;60;65;79;80;poison;650;1;0
5;1;1;0;5;5;1;1;1;1;2;2;1;25;2;5;1;2;92;5120;70;505;45;87;13;90;75;85;76;poison;600;1;0
5;1;1;0;5;5;1;1;1;1;2;2;1;25;2;5;1;2;102;5120;70;505;45;77;14;81;85;75;85;poison;620;1;0
5;1;1;1;5;5;1;1;1;5;2;1;1;5;2;1;1;1;100;5120;70;458;90;60;27;73;100;60;65;poison;525;3;0
5;1;2;5;1;5;5;1;1;25;2;2;1;5;2;1;1;5;75;5120;70;494;55;90;18;65;97;123;44;poison;815;6;0
5;1;1;2;5;5;5;1;1;1;2;5;1;5;2;1;5;5;60;5120;70;320;225;60;5;50;60;60;30;poison;73;6;0
1;5;1;1;1;1;1;1;5;5;2;1;1;5;0;1;1;1;90;5120;70;500;45;110;13;70;60;75;95;poison;615;4;0
5;1;1;1;5;5;1;1;1;5;2;1;1;5;2;1;1;1;73;5120;70;467;75;83;17;100;73;83;55;poison;800;3;0
5;1;1;1;5;5;1;1;1;5;2;1;1;5;2;1;1;1;90;5120;70;490;60;120;12;65;85;70;60;poison;95;1;0
5;1;1;1;5;5;1;1;1;5;2;1;1;5;2;1;1;1;65;5120;70;340;190;95;6;40;60;45;35;poison;10;1;0
5;1;1;1;5;5;1;1;1;5;2;1;1;5;2;1;1;1;62;5120;70;365;120;67;8;70;55;55;56;poison;200;1;0
5;1;1;1;5;5;1;1;1;5;2;1;1;5;2;1;1;1;72;5120;70;365;120;57;9;61;55;55;65;poison;195;1;0
5;1;1;1;5;5;1;1;1;5;2;1;1;5;2;1;1;1;47;5120;70;275;235;52;4;55;40;40;41;poison;70;1;0
5;1;1;1;5;5;1;1;1;5;2;1;1;5;2;1;1;1;57;5120;70;273;235;40;5;46;40;40;50;poison;90;1;0
5;1;1;1;5;25;2;2;1;25;1;1;1;5;2;2;1;1;50;5120;70;330;120;90;8;40;30;55;65;poison;120;4;0
1;5;1;1;1;1;1;1;5;5;2;1;1;5;0;1;1;1;93;5120;70;479;60;67;10;103;71;61;84;poison;380;4;0
1;5;1;1;1;1;1;1;5;5;2;1;1;5;0;1;1;1;63;5120;70;329;225;47;4;63;41;41;74;poison;192;4;0
5;1;1;1;5;5;1;1;1;5;2;1;1;5;2;1;1;1;105;5120;70;500;75;75;;105;65;100;50;poison;;1;0
5;1;1;1;5;5;1;1;1;5;2;1;1;5;2;1;1;1;80;5120;70;325;190;50;;80;40;50;25;poison;;1;0
5;1;1;1;5;5;1;1;1;5;2;1;1;5;2;1;1;1;60;5120;70;288;255;44;20;35;40;54;55;poison;69;1;0
5;1;1;1;5;5;1;1;1;5;2;1;1;5;2;1;1;1;43;5120;70;302;225;53;4;70;43;53;40;poison;103;3;0
25;1;1;1;25;5;5;1;1;25;4;5;1;5;2;2;5;2;64;5120;70;480;45;60;12;68;111;60;117;poison;222;7;0
25;1;1;1;25;5;5;1;1;25;4;5;1;5;2;2;5;2;44;5120;70;320;120;40;6;48;71;40;77;poison;48;7;0
25;5;1;1;1;5;1;2;1;5;2;1;1;5;4;5;1;1;106;5120;70;490;75;65;13;83;86;65;85;poison;444;4;0
25;5;1;1;1;5;1;2;1;5;2;1;1;5;4;5;1;1;61;2560;100;300;140;40;7;48;61;40;50;poison;230;4;0
5;1;1;1;5;5;1;1;1;5;2;1;1;5;2;1;1;1;50;5120;70;329;190;62;6;50;40;62;65;poison;310;5;0
5;1;1;1;5;5;1;1;1;5;2;1;1;5;2;1;1;1;95;5120;70;474;60;82;19;80;60;82;75;poison;1073;5;0
2;2;1;1;1;5;1;1;2;1;1;1;1;1;5;1;1;1;55;5120;70;490;50;95;15;70;95;110;65;psychic;440;5;0
1;2;1;2;1;25;1;1;2;5;0;2;1;1;5;2;1;1;58;5120;70;490;45;80;14;72;103;80;97;psychic;140;5;0
1;1;0;1;1;25;1;1;2;1;1;1;1;2;5;1;2;1;45;6400;70;460;45;65;13;40;100;120;90;psychic;545;1;0
1;2;1;2;1;25;1;1;2;5;0;2;1;1;5;2;1;1;45;3840;70;323;190;43;4;65;55;43;72;psychic;21;5;0
2;2;1;1;1;5;1;1;2;1;1;1;1;1;5;1;1;1;30;6400;70;285;120;50;2;45;65;50;45;psychic;6;4;0
1;1;1;1;2;5;1;2;2;1;1;1;1;1;1;5;1;1;165;5120;35;618;45;95;16;68;65;115;110;psychic;520;4;0
2;2;1;1;1;5;1;1;2;1;1;1;1;1;5;1;1;1;25;5120;70;330;255;35;7;60;70;80;60;psychic;306;3;0
2;2;1;1;1;5;1;1;2;1;1;1;1;1;5;1;1;1;23;5120;70;260;125;48;6;95;23;48;23;psychic;140;3;0
2;2;1;1;1;5;1;1;2;1;1;1;1;1;5;1;1;1;30;5120;70;290;200;40;3;45;105;50;20;psychic;10;5;0
2;2;1;1;1;5;1;1;2;1;1;1;1;1;5;1;1;1;75;5120;70;485;90;75;10;75;125;95;40;psychic;345;5;0
2;2;1;1;1;5;1;1;2;1;1;1;1;1;5;1;1;1;55;5120;70;335;255;55;5;55;85;55;30;psychic;90;5;0
2;2;1;1;1;5;1;1;2;1;1;1;1;1;5;1;1;1;48;5120;70;466;75;76;6;74;83;81;104;psychic;85;6;0
1;2;1;2;1;25;1;1;2;5;0;2;1;1;5;2;1;1;57;3840;70;425;45;55;9;67;77;55;114;psychic;105;5;0
1;2;1;2;1;25;1;1;2;5;0;2;1;1;5;2;1;1;90;30720;0;680;3;130;52;106;90;154;110;psychic;2160;2;1
2;2;1;1;1;5;1;1;2;1;1;1;1;1;5;1;1;1;95;30720;0;600;3;90;17;50;95;90;180;psychic;608;3;1
2;2;1;1;1;5;1;1;2;1;1;1;1;1;5;1;1;1;25;2560;70;292;190;45;6;76;67;55;24;psychic;233;5;0
2;2;1;1;1;5;1;1;2;1;1;1;1;1;5;1;1;1;55;2560;70;487;75;85;11;116;107;95;29;psychic;605;5;0
1;1;0;1;1;25;1;1;2;1;1;1;1;2;5;1;2;1;85;5120;35;618;45;65;16;68;165;135;100;psychic;484;3;0
2;2;1;1;1;5;1;1;2;1;1;1;1;1;5;1;1;1;105;20480;140;580;3;105;3;80;105;105;80;psychic;3;4;1
1;1;0;1;1;25;1;1;2;1;1;1;1;2;5;1;2;1;35;5120;35;278;120;35;8;38;65;55;50;psychic;202;3;0
1;1;0;1;1;25;1;1;2;1;1;1;1;2;5;1;2;1;25;5120;35;198;235;25;4;28;45;35;40;psychic;66;3;0
2;2;1;1;1;5;1;1;2;1;1;1;1;1;5;1;1;1;30;5120;70;290;200;50;4;45;55;65;45;psychic;58;5;0
2;2;1;1;1;5;1;1;2;1;1;1;1;1;5;1;1;1;150;30720;0;780;3;70;20;106;194;120;140;psychic;1220;1;1
2;2;1;1;1;5;1;1;2;1;1;1;1;1;5;1;1;1;73;5120;70;483;75;70;16;85;73;115;67;psychic;756;1;0
2;2;1;1;1;5;1;1;2;1;1;1;1;1;5;1;1;1;48;5120;70;328;190;45;10;60;43;90;42;psychic;324;1;0
2;2;1;1;1;5;1;1;2;1;1;1;1;1;5;1;1;1;75;20480;140;580;3;130;3;75;75;130;95;psychic;3;4;1
1;1;0;1;1;25;1;1;2;1;1;1;1;2;5;1;2;1;85;3840;70;570;3;75;12;70;130;115;95;psychic;186;7;1
1;2;1;2;1;25;1;1;2;5;0;2;1;1;5;2;1;1;50;5120;70;320;190;45;2;40;70;45;70;psychic;20;2;0
2;2;1;1;1;5;1;1;2;1;1;1;1;1;5;1;1;1;70;30720;100;600;3;120;15;120;75;130;85;psychic;856;4;1
2;2;1;1;1;5;1;1;2;1;1;1;1;1;5;1;1;1;45;5120;70;470;60;65;9;80;90;110;80;psychic;715;3;0
2;2;1;1;1;5;1;1;2;1;1;1;1;1;5;1;1;1;45;5120;70;390;100;70;7;60;75;85;55;psychic;180;5;0
1;1;0;1;1;25;1;1;2;1;1;1;1;2;5;1;2;1;25;6400;70;310;145;45;6;20;70;90;60;psychic;130;4;0
1;4;1;1;1;0;1;1;4;1;1;1;0;5;5;1;1;1;160;30720;100;680;3;60;;80;170;130;80;psychic;;6;1
2;2;1;1;1;5;1;1;2;1;1;1;1;1;5;1;1;1;40;5120;70;370;100;50;6;65;125;60;30;psychic;80;5;0
1;4;1;1;1;0;1;1;4;1;1;1;0;5;5;1;1;1;113;30720;0;680;45;89;40;137;137;107;97;psychic;1200;7;1
2;2;1;1;1;5;1;1;2;1;1;1;1;1;5;1;1;1;65;5120;70;490;50;75;10;110;125;85;30;psychic;201;5;0
1;2;1;2;1;25;1;1;2;5;0;2;1;1;5;2;1;1;75;5120;70;470;75;70;15;65;95;70;95;psychic;150;2;0
2;2;1;1;1;5;1;1;2;1;1;1;1;1;5;1;1;1;29;30720;0;200;45;31;2;43;29;31;37;psychic;1;7;1
2;2;1;1;1;5;1;1;2;1;1;1;1;1;5;1;1;1;100;30720;100;600;45;100;4;100;100;100;100;psychic;40;1;1
2;2;1;1;1;5;1;1;2;1;1;1;1;1;5;1;1;1;33;5120;70;405;45;58;13;190;33;58;33;psychic;285;2;0
2;2;1;1;1;5;1;1;2;1;1;1;1;1;5;1;1;1;107;30720;0;600;3;101;24;97;127;89;79;psychic;2300;7;1
2;2;1;1;1;5;1;1;2;1;1;1;1;1;5;1;1;1;29;30720;0;400;45;131;1;43;29;131;37;psychic;9999;7;1
2;2;1;1;1;5;1;1;2;1;1;1;1;1;5;1;1;1;50;5120;70;600;50;65;15;55;175;105;150;psychic;480;1;0
2;2;1;1;1;5;1;1;2;1;1;1;1;1;5;1;1;1;35;5120;70;400;100;30;13;40;120;70;105;psychic;565;1;0
2;2;1;1;1;5;1;1;2;1;1;1;1;1;5;1;1;1;20;5120;70;310;200;15;9;25;105;55;90;psychic;195;1;0
2;2;1;1;1;5;1;1;2;1;1;1;1;1;5;1;1;1;48;5120;70;355;190;54;3;62;63;60;68;psychic;35;6;0
2;2;1;1;1;5;1;1;2;1;1;1;1;1;5;1;1;1;65;8960;70;525;45;60;9;65;130;95;110;psychic;265;2;0
1;2;5;1;5;1;2;5;2;5;2;5;5;0;25;5;5;1;137;30720;0;680;45;107;34;137;113;89;97;psychic;2300;7;1
2;2;1;1;1;5;1;1;2;1;1;1;1;1;5;1;1;1;72;10240;70;336;225;48;5;48;72;48;48;psychic;50;2;0
4;2;1;5;1;5;2;2;2;5;5;2;1;2;5;1;1;5;100;30720;100;600;45;100;6;100;100;100;100;psychic;50;2;1
1;2;1;1;5;5;5;1;2;5;2;5;1;1;5;2;5;2;100;30720;100;600;3;100;4;100;100;100;100;psychic;40;5;1
2;2;1;1;1;5;1;1;2;1;1;1;1;1;5;1;1;1;125;20480;140;580;3;70;3;75;125;70;115;psychic;3;4;1
2;2;1;1;1;5;1;1;2;1;1;1;1;1;5;1;1;1;50;6400;70;455;45;80;6;75;95;90;65;psychic;10;3;0
2;5;1;1;2;4;5;5;5;2;2;1;5;5;0;1;2;2;164;10240;35;700;45;150;20;100;95;120;71;rock;2020;2;0
2;1;1;5;1;2;1;1;1;1;1;2;5;1;1;1;2;1;81;7680;70;495;45;97;15;86;81;107;43;rock;604;3;0
1;1;1;1;1;2;5;5;1;2;2;1;5;5;1;1;2;2;80;5120;70;290;255;95;5;50;10;45;10;rock;150;4;0
5;5;1;1;2;2;5;1;1;2;2;1;5;5;2;5;2;2;129;20480;35;580;3;90;19;91;72;90;108;rock;2600;5;1
1;1;1;2;1;2;25;5;1;4;2;5;5;5;1;1;1;1;105;5120;70;500;45;115;13;72;54;86;68;rock;960;6;0
5;1;5;1;5;4;1;25;1;1;4;5;25;0;5;5;1;2;55;5120;70;525;60;145;14;60;75;150;40;rock;3400;4;0
1;1;1;1;1;2;5;5;1;2;2;1;5;5;1;1;2;2;45;5120;70;375;255;135;10;30;45;90;30;rock;970;3;0
1;1;1;1;1;2;5;5;1;2;2;1;5;5;1;1;2;2;135;3840;70;515;45;130;17;85;60;80;25;rock;2600;5;0
1;1;2;5;2;2;25;5;1;1;2;2;5;5;1;1;2;1;121;7680;70;521;45;119;25;82;69;59;71;rock;2700;6;0
5;1;1;2;1;1;5;5;1;1;0;2;5;5;1;2;2;2;112;7680;70;401;45;45;5;55;74;45;70;rock;95;5;0
5;1;1;2;1;1;5;5;1;1;0;2;5;5;1;2;2;2;140;7680;70;567;45;65;14;75;112;65;110;rock;320;5;0
5;1;1;2;1;1;5;5;1;1;0;2;5;5;1;2;2;2;135;8960;70;615;45;85;18;80;70;95;150;rock;590;1;0
1;1;1;0;1;2;5;5;1;4;2;2;5;25;1;5;2;4;84;10240;35;410;45;70;12;70;65;70;51;rock;1520;2;0
1;1;1;1;1;2;5;5;1;2;2;1;5;5;1;1;2;2;125;7680;70;350;45;40;9;67;30;30;58;rock;315;4;0
1;1;1;1;1;2;5;5;1;2;2;1;5;5;1;1;2;2;165;7680;70;495;45;60;16;97;65;50;58;rock;1025;4;0
1;1;1;1;1;2;5;5;1;2;2;1;5;5;1;1;2;2;100;5120;70;410;65;115;12;70;30;65;30;rock;380;2;0
5;5;0;1;1;1;5;5;1;2;2;1;5;1;1;1;4;2;160;6400;70;700;3;110;7;50;160;110;110;rock;88;6;1
5;5;0;1;1;1;5;5;1;2;2;1;5;1;1;1;4;2;50;6400;70;500;60;150;3;50;50;150;50;rock;57;6;0
1;1;1;1;1;2;5;5;1;2;2;1;5;5;1;1;2;2;75;3840;70;280;255;85;4;55;25;25;15;rock;180;5;0
1;1;1;0;1;2;5;5;1;4;2;2;5;25;1;5;2;4;120;3840;70;495;45;130;;80;55;65;45;rock;;1;0
5;1;1;2;1;1;5;5;1;1;0;2;5;5;1;2;2;2;100;6400;70;500;;60;3;60;100;60;120;rock;400;7;0
2;2;1;1;1;1;5;5;2;2;2;1;5;5;5;1;2;2;55;6400;70;460;45;65;10;90;95;85;70;rock;1680;3;0
2;2;1;1;1;1;5;5;2;2;2;1;5;5;5;1;2;2;95;6400;70;460;45;85;12;90;55;65;70;rock;1540;3;0
1;1;1;1;1;1;1;1;1;1;1;1;5;5;1;2;2;2;95;7680;70;355;45;50;7;45;40;50;75;rock;125;3;0
1;1;1;1;1;2;5;5;1;2;2;1;5;5;1;1;2;2;105;3840;70;390;120;105;9;70;50;40;20;rock;1020;5;0
5;1;1;1;5;1;5;5;1;1;4;1;5;25;2;1;2;2;53;30720;0;570;45;47;12;109;127;131;103;rock;555;7;1
1;1;1;1;1;1;1;1;1;1;1;1;5;5;1;2;2;2;125;7680;70;495;45;100;15;75;70;80;45;rock;682;3;0
1;1;1;1;1;2;5;5;1;2;2;1;5;5;1;1;2;2;65;3840;70;280;190;40;5;45;30;40;60;rock;92;7;0
1;1;1;1;1;2;5;5;1;2;2;1;5;5;1;1;2;2;100;20480;35;580;3;200;17;80;50;100;50;rock;2300;3;1
1;1;1;0;1;2;5;5;1;4;2;2;5;25;1;5;2;4;95;3840;70;390;120;115;;55;45;45;35;rock;;1;0
1;1;1;0;1;2;5;5;1;4;2;2;5;25;1;5;2;4;80;3840;70;300;255;100;;40;30;30;20;rock;;1;0
1;1;1;0;1;2;5;5;1;4;2;2;5;25;1;5;2;4;64;10240;35;300;45;50;6;50;45;50;41;rock;720;2;0
1;1;1;0;1;2;5;5;1;4;2;2;5;25;1;5;2;4;45;6400;70;385;45;160;88;35;30;45;70;rock;2100;1;0
1;1;2;5;2;2;25;5;1;1;2;2;5;5;1;1;2;1;89;7680;70;362;45;77;8;58;45;45;48;rock;260;6;0
2;1;1;5;1;2;1;1;1;1;1;2;5;1;1;1;2;1;41;7680;70;355;45;77;10;66;61;87;23;rock;238;3;0
1;1;1;2;1;2;25;5;1;4;2;5;5;5;1;1;1;1;80;7680;70;355;45;90;5;30;55;45;55;rock;115;1;0
1;1;1;2;1;2;25;5;1;4;2;5;5;5;1;1;1;1;115;7680;70;495;45;105;13;60;65;70;80;rock;405;1;0
5;1;5;1;5;4;1;25;1;1;4;5;25;0;5;5;1;2;42;7680;70;350;45;118;5;30;42;88;30;rock;570;4;0
5;1;5;1;5;4;1;25;1;1;4;5;25;0;5;5;1;2;52;7680;70;495;45;168;13;60;47;138;30;rock;1495;4;0
1;1;1;2;1;2;25;5;1;4;2;5;5;5;1;1;1;1;40;7680;70;355;45;100;4;35;90;55;35;rock;75;1;0
1;1;1;2;1;2;25;5;1;4;2;5;5;5;1;1;1;1;60;7680;70;495;45;125;10;70;115;70;55;rock;350;1;0
1;1;1;1;1;4;1;5;1;2;2;5;5;5;1;2;4;2;59;7680;70;362;45;50;13;77;67;63;46;rock;252;6;0
1;1;1;1;1;4;1;5;1;2;2;5;5;5;1;2;4;2;77;7680;70;521;45;72;27;123;99;92;58;rock;2250;6;0
1;1;1;2;1;2;25;5;1;4;2;5;5;5;1;1;1;1;52;5120;70;306;120;67;5;42;39;56;50;rock;310;6;0
1;1;1;1;1;2;5;5;1;2;2;1;5;5;1;1;2;2;115;3840;70;487;90;75;;85;55;75;82;rock;;7;0
25;1;5;2;5;1;2;5;1;25;0;1;5;0;5;1;5;1;80;6400;70;465;25;140;17;65;40;70;70;steel;505;2;0
25;5;0;1;5;1;2;5;1;5;2;5;5;0;5;5;1;1;95;30720;0;600;3;115;10;80;130;115;65;steel;805;7;1
1;2;5;1;5;1;2;5;2;5;2;5;5;0;25;5;5;1;89;5120;70;500;90;116;13;67;79;116;33;steel;1870;4;0
1;2;5;1;5;1;2;5;2;5;2;5;5;0;25;5;5;1;24;5120;70;300;255;86;5;57;24;86;23;steel;605;4;0
25;5;0;1;5;1;2;5;1;5;2;5;5;0;5;5;1;1;105;5120;70;480;45;125;6;50;55;95;50;steel;115;3;0
5;1;5;1;5;2;2;5;1;5;2;5;5;0;5;5;5;1;100;5120;70;520;30;115;6;60;70;85;90;steel;810;5;0
5;1;5;1;5;2;2;5;1;5;2;5;5;0;5;5;5;1;80;5120;70;440;60;95;6;60;70;85;50;steel;510;5;0
5;1;5;1;5;2;2;5;1;5;2;5;5;0;5;5;5;1;55;5120;70;300;130;70;3;40;45;60;30;steel;210;5;0
5;1;5;1;5;4;1;25;1;1;4;5;25;0;5;5;1;2;140;8960;35;630;45;230;21;70;60;80;50;steel;3600;3;0
5;1;5;1;5;4;1;25;1;1;4;5;25;0;5;5;1;2;90;8960;35;430;90;140;9;60;50;50;40;steel;1200;3;0
5;1;5;1;5;4;1;25;1;1;4;5;25;0;5;5;1;2;70;8960;35;330;180;100;4;50;40;40;30;steel;600;3;0
1;2;5;1;5;1;2;5;2;5;2;5;5;0;25;5;5;1;55;10240;35;300;3;80;6;40;35;60;30;steel;952;3;0
1;2;5;1;5;1;2;5;2;5;2;5;5;0;25;5;5;1;75;10240;35;420;3;100;12;60;55;80;50;steel;2025;3;0
1;2;5;1;5;1;2;5;2;5;2;5;5;0;25;5;5;1;145;10240;35;700;3;150;16;80;105;110;110;steel;5500;3;0
5;1;5;1;5;2;2;5;1;5;2;5;5;0;5;5;5;1;75;20480;35;580;3;150;19;80;75;150;50;steel;2050;3;1
5;1;5;0;5;2;2;5;1;1;2;1;5;0;5;25;5;2;125;6400;70;610;25;230;92;75;55;95;30;steel;4000;2;0
25;5;5;1;1;2;2;1;1;5;2;5;5;0;1;25;5;1;90;20480;35;580;3;129;21;91;90;72;108;steel;2500;5;1
25;5;0;1;5;1;2;5;1;5;2;5;5;0;5;5;1;1;80;5120;70;470;75;91;2;57;80;87;75;steel;30;6;0
25;1;5;2;5;1;2;5;1;25;0;1;5;0;5;1;5;1;101;30720;0;570;25;103;92;97;107;101;61;steel;9999;7;1
25;2;5;1;5;0;2;5;2;5;2;5;0;0;5;5;5;1;150;5120;70;520;45;50;17;60;150;50;60;steel;530;6;0
25;2;5;1;5;0;2;5;2;5;2;5;0;0;5;5;5;1;110;5120;70;448;90;150;8;59;45;49;35;steel;45;6;0
25;2;5;1;5;0;2;5;2;5;2;5;0;0;5;5;5;1;80;5120;70;325;180;100;8;45;35;37;28;steel;20;6;0
5;1;1;5;1;2;1;5;1;25;2;1;5;0;5;5;5;5;120;30720;0;680;3;120;54;100;150;100;90;steel;6830;4;1
1;2;5;1;5;1;2;5;2;5;2;5;5;0;25;5;5;1;100;30720;100;600;3;100;3;100;100;100;100;steel;11;3;1
1;1;1;1;1;1;5;5;1;2;2;5;1;1;1;1;25;5;38;5120;70;330;190;38;5;75;56;56;67;water;120;2;0
5;5;0;2;1;5;5;1;1;2;1;5;1;2;1;1;1;5;20;2560;70;250;190;50;4;70;20;50;40;water;85;2;0
5;5;0;2;1;5;5;1;1;2;1;5;1;2;1;1;1;5;50;2560;70;420;75;80;8;100;60;80;50;water;285;2;0
5;1;1;4;1;5;5;1;1;1;0;1;1;1;1;2;5;5;155;1280;70;640;45;109;65;95;70;130;81;water;2350;1;0
1;1;1;2;1;1;5;1;1;2;1;5;1;1;1;1;5;5;75;20480;35;580;3;115;20;100;90;115;85;water;1870;2;1
1;1;1;2;1;1;5;1;1;2;1;5;1;1;1;1;5;5;70;10240;70;400;125;35;20;130;70;35;60;water;1300;3;0
5;1;1;2;5;5;5;1;1;1;2;5;1;5;2;1;5;5;95;5120;70;440;45;85;5;65;55;55;85;water;39;2;0
1;1;1;2;1;1;5;1;1;2;1;5;1;1;1;1;5;5;65;5120;70;314;45;64;6;50;44;48;43;water;95;2;0
1;1;1;2;1;1;5;1;1;2;1;5;1;1;1;1;5;5;80;5120;70;405;45;80;11;65;59;63;58;water;250;2;0
1;1;1;2;1;1;5;1;1;2;1;5;1;1;1;1;5;5;105;5120;70;530;45;100;23;85;79;83;78;water;888;2;0
1;1;1;2;1;2;1;1;1;2;1;25;1;1;1;2;1;5;95;5120;70;525;60;180;15;50;85;45;70;water;1325;1;0
1;1;1;2;1;1;5;1;1;2;1;5;1;1;1;1;5;5;65;5120;70;305;190;100;3;30;45;25;40;water;40;1;0
1;1;1;2;1;1;5;1;1;2;1;5;1;1;1;1;5;5;64;5120;70;345;255;85;4;35;74;55;32;water;525;3;0
2;5;1;2;2;2;5;1;5;2;1;5;1;1;0;1;5;5;140;5120;35;560;60;70;18;70;110;65;105;water;888;3;0
1;1;1;2;1;1;5;1;1;2;1;5;1;1;1;1;5;5;56;5120;70;314;45;40;3;41;62;44;71;water;70;6;0
1;1;1;2;1;1;5;1;1;2;1;5;1;1;1;1;5;5;63;5120;70;405;45;52;6;54;83;56;97;water;109;6;0
1;1;1;2;1;1;5;1;1;2;1;5;1;1;1;1;5;5;65;8960;70;525;45;60;10;130;110;95;65;water;290;1;0
2;1;1;1;1;1;1;2;1;1;5;1;1;2;1;1;5;25;70;3840;70;480;45;70;15;80;90;100;70;water;550;3;0
1;1;1;2;1;1;5;1;1;2;1;5;1;1;1;1;5;5;75;10240;70;470;75;80;12;165;40;45;65;water;316;5;0
5;5;1;2;2;1;5;2;1;2;1;5;1;1;2;5;5;5;72;20480;35;580;3;90;14;91;129;90;108;water;485;5;1
1;1;1;2;1;2;25;5;1;4;2;5;5;5;1;1;1;1;55;5120;70;410;60;95;6;65;65;95;35;water;50;2;0
1;1;1;2;1;1;5;1;1;2;1;5;1;1;1;1;5;5;104;5120;70;485;60;105;17;55;94;75;52;water;270;3;0
1;1;1;2;1;1;5;1;1;2;1;5;1;1;1;1;5;5;75;5120;70;413;45;60;8;75;83;60;60;water;245;5;0
2;2;1;2;1;5;5;1;2;2;1;5;1;1;5;1;5;5;65;5120;70;315;190;65;12;90;40;40;15;water;360;1;0
1;1;2;1;2;1;25;1;1;1;1;1;1;1;1;1;5;25;95;5120;70;540;45;95;18;75;95;95;85;water;1520;2;0
1;1;1;2;1;1;5;1;1;2;1;5;1;1;1;1;5;5;65;5120;70;440;75;95;12;55;95;45;85;water;250;1;0
1;1;1;2;1;1;5;1;1;2;1;5;1;1;1;1;5;5;40;5120;70;295;225;70;4;30;70;25;60;water;80;1;0
1;1;1;2;1;1;5;1;1;2;1;5;1;1;1;1;5;5;82;5120;70;500;75;78;17;80;95;80;85;water;766;1;0
1;1;1;2;1;1;5;1;1;2;1;5;1;1;1;1;5;5;52;5120;70;320;190;48;8;50;65;50;55;water;196;1;0
5;1;5;2;5;2;1;5;1;1;2;25;5;0;5;5;25;5;86;5120;70;530;45;88;17;84;111;101;60;water;845;4;0
1;1;1;2;1;1;5;1;1;2;1;5;1;1;1;1;5;5;10;1280;70;200;255;55;9;20;15;20;80;water;100;1;0
1;1;1;2;1;1;5;1;1;2;1;5;1;1;1;1;5;5;15;5120;70;200;255;20;6;20;10;55;80;water;74;3;0
1;1;1;2;1;1;5;1;1;2;1;5;1;1;1;1;5;5;90;10240;70;500;60;45;145;170;90;45;60;water;3980;3;0
5;2;1;2;1;0;5;1;2;2;1;5;0;5;1;1;5;5;60;5120;70;480;60;70;22;100;85;105;60;water;1350;5;0
5;2;1;2;1;0;5;1;2;2;1;5;0;5;1;1;5;5;40;5120;70;335;190;50;12;55;65;85;40;water;330;5;0
1;1;1;2;1;1;5;1;1;2;1;5;1;1;1;1;5;5;100;5120;70;528;45;85;15;95;108;70;70;water;946;5;0
1;1;1;2;1;1;5;1;1;2;1;5;1;1;1;1;5;5;75;5120;70;500;45;75;11;90;90;100;70;water;339;2;0
1;1;1;2;1;1;5;1;1;2;1;5;1;1;1;1;5;5;98;5120;70;498;75;63;10;75;98;63;101;water;290;5;0
2;2;1;2;1;5;5;1;2;2;1;5;1;1;5;1;5;5;105;3840;70;475;80;70;9;68;70;70;92;water;190;7;0
1;1;1;2;1;1;5;1;1;2;1;5;1;1;1;1;5;5;92;5120;70;450;60;65;13;80;65;80;68;water;390;1;0
1;1;1;2;1;1;5;1;1;2;1;5;1;1;1;1;5;5;67;5120;70;320;225;60;6;45;35;50;63;water;150;1;0
2;2;1;2;1;5;5;1;2;2;1;5;1;1;5;1;5;5;75;5120;70;590;75;180;16;95;130;80;30;water;785;1;0
1;1;1;2;1;1;5;1;1;2;1;5;1;1;1;1;5;5;92;10240;70;460;25;65;10;70;80;55;98;water;180;5;0
1;1;1;2;1;1;5;1;1;2;1;5;1;1;1;1;5;5;73;3840;70;500;55;88;13;71;120;89;59;water;353;6;0
5;1;1;2;5;5;5;1;1;1;2;5;1;5;2;1;5;5;70;5120;70;515;60;65;16;80;80;120;100;water;550;1;0
5;1;1;2;5;5;5;1;1;1;2;5;1;5;2;1;5;5;40;5120;70;335;190;35;9;40;50;100;70;water;455;1;0
1;1;1;2;1;1;5;1;1;2;1;5;1;1;1;1;5;5;105;5120;70;480;75;75;9;75;105;75;45;water;285;2;0
1;1;1;2;1;1;5;1;1;2;1;5;1;1;1;1;5;5;65;5120;70;300;190;35;6;35;65;35;65;water;120;2;0
2;1;1;1;1;1;1;2;1;1;5;1;1;2;1;1;5;25;50;3840;70;340;120;50;12;60;60;70;50;water;325;3;0
5;1;1;4;1;5;5;1;1;1;0;1;1;1;1;2;5;5;40;6400;70;485;25;70;21;85;80;140;70;water;2200;2;0
5;1;1;4;1;5;5;1;1;1;0;1;1;1;1;2;5;5;20;6400;70;345;25;50;10;45;60;120;50;water;650;4;0
5;5;0;2;1;5;5;1;1;2;1;5;1;2;1;1;1;5;75;3840;70;570;3;115;13;70;95;130;85;water;212;7;1
1;1;1;1;1;1;5;5;1;2;2;5;1;1;1;1;25;5;58;5120;70;460;75;58;12;125;76;76;67;water;225;2;0
1;1;1;2;1;2;25;5;1;4;2;5;5;5;1;1;1;1;90;10240;70;485;25;130;10;100;45;65;55;water;234;3;0
1;1;1;2;1;1;5;1;1;2;1;5;1;1;1;1;5;5;70;5120;70;310;45;50;4;50;50;50;40;water;76;3;0
1;1;1;0;1;1;5;1;1;4;1;1;1;5;1;5;5;1;85;5120;70;405;45;70;7;70;60;70;50;water;280;3;0
1;1;1;0;1;1;5;1;1;4;1;1;1;5;1;5;5;1;150;5120;70;635;45;110;15;100;95;110;70;water;819;3;0
2;2;1;2;1;5;5;1;2;2;1;5;1;1;5;1;5;5;75;5120;70;520;60;85;11;60;100;85;115;water;800;1;0
1;1;1;2;1;1;5;1;1;2;1;5;1;1;1;1;5;5;69;5120;70;460;75;76;12;69;69;86;91;water;240;4;0
2;5;1;2;2;2;5;1;5;2;1;5;1;1;0;1;5;5;145;5120;70;640;45;67;15;72;153;71;132;water;400;6;0
1;1;1;2;1;1;5;1;1;2;1;5;1;1;1;1;5;5;51;5120;70;314;45;53;4;53;61;56;40;water;52;4;0
1;1;1;2;1;1;5;1;1;2;1;5;1;1;1;1;5;5;66;5120;70;405;45;68;8;64;81;76;50;water;230;4;0
1;1;1;2;1;1;5;1;1;2;1;5;1;1;1;1;5;5;130;5120;70;475;60;115;13;55;50;50;75;water;600;1;0
1;1;1;2;1;1;5;1;1;2;1;5;1;1;1;1;5;5;69;3840;70;420;45;69;6;60;91;81;50;water;175;7;0
1;1;1;2;1;2;25;5;1;4;2;5;5;5;1;1;1;1;78;7680;70;355;45;103;7;54;53;45;22;water;165;5;0
1;1;1;2;1;2;25;5;1;4;2;5;5;5;1;1;1;1;108;7680;70;495;45;133;12;74;83;65;32;water;810;5;0
1;1;1;2;1;1;5;1;1;2;1;5;1;1;1;1;5;5;30;5120;70;330;225;55;6;43;40;65;97;water;87;3;0
1;1;1;2;1;1;5;1;1;2;1;5;1;1;1;1;5;5;105;5120;70;325;225;90;4;30;25;25;50;water;65;1;0
2;5;1;2;2;2;5;1;5;2;1;5;1;1;0;1;5;5;120;3840;70;468;155;85;11;63;90;55;55;water;328;3;0
2;2;1;2;1;5;5;1;2;2;1;5;1;1;5;1;5;5;75;5120;70;490;70;80;20;95;100;110;30;water;795;2;0
1;1;1;2;1;1;5;1;1;2;1;5;1;1;1;1;5;5;80;3840;70;308;205;65;6;43;50;35;35;water;115;3;0
2;5;1;2;2;2;5;1;5;2;1;5;1;1;0;1;5;5;90;5120;35;305;225;20;8;45;65;20;65;water;208;3;0
1;1;1;2;1;1;5;1;1;2;1;5;1;1;1;1;5;5;150;30720;0;770;3;90;45;100;180;160;90;water;3520;3;1
1;1;1;2;1;1;5;1;1;2;1;5;1;1;1;1;5;5;60;3840;70;410;60;130;3;55;30;130;5;water;12;7;0
1;1;1;2;1;1;5;1;1;2;1;5;1;1;1;1;5;5;80;10240;70;480;30;80;4;80;80;80;80;water;31;4;0
1;1;1;2;1;1;5;1;1;2;1;5;1;1;1;1;5;5;54;3840;70;320;45;54;4;50;66;56;40;water;75;7;0
1;1;1;2;1;2;1;1;1;2;1;25;1;1;1;2;1;5;70;5120;70;475;75;80;17;90;70;95;70;water;1200;1;0
1;1;1;2;1;1;5;1;1;2;1;5;1;1;1;1;5;5;45;5120;70;325;190;55;11;65;45;70;45;water;900;1;0
1;1;1;2;1;1;5;1;1;2;1;5;1;1;1;1;5;5;55;5120;70;308;45;45;5;55;63;45;45;water;59;5;0
1;1;1;0;1;1;5;1;1;4;1;1;1;5;1;5;5;1;83;5120;70;475;75;68;9;111;92;82;39;water;299;4;0
1;1;1;2;1;1;5;1;1;2;1;5;1;1;1;1;5;5;48;5120;70;325;190;48;3;76;57;62;34;water;63;4;0
1;1;1;2;1;1;5;1;1;2;1;5;1;1;1;1;5;5;105;5120;70;495;75;55;11;85;85;50;115;water;335;4;0
1;1;1;2;1;1;5;1;1;2;1;5;1;1;1;1;5;5;65;5120;70;330;190;35;7;55;60;30;85;water;295;4;0
1;1;1;2;1;1;5;1;1;2;1;5;1;1;1;1;5;5;100;2560;70;600;3;100;3;100;100;100;100;water;14;4;1
5;1;1;4;1;5;5;1;1;1;0;1;1;1;1;2;5;5;30;5120;70;270;190;30;6;40;55;30;85;water;95;3;0
1;1;1;2;1;1;5;1;1;2;1;5;1;1;1;1;5;5;103;5120;70;630;45;120;16;79;135;115;78;water;855;1;0
1;1;1;2;1;1;5;1;1;2;1;5;1;1;1;1;5;5;140;3840;70;620;60;130;2;45;140;135;30;water;3;7;0
5;5;0;2;1;5;5;1;1;2;1;5;1;2;1;1;1;5;74;3840;70;530;45;74;18;80;126;116;60;water;440;7;0
1;1;1;2;1;1;5;1;1;2;1;5;1;1;1;1;5;5;84;5120;70;485;60;105;18;55;114;75;52;water;226;3;0
1;1;2;1;2;1;25;1;1;1;1;1;1;1;1;1;5;25;120;30720;0;680;3;100;42;90;150;120;100;water;3360;4;1
1;1;1;2;1;1;5;1;1;2;1;5;1;1;1;1;5;5;53;5120;70;316;190;48;6;50;53;48;64;water;135;5;0
1;1;1;2;1;1;5;1;1;2;1;5;1;1;1;1;5;5;45;5120;70;340;225;55;8;30;70;55;85;water;345;1;0
5;5;1;2;2;1;5;2;1;2;1;5;1;1;2;5;5;5;95;5120;70;510;45;95;13;90;70;90;70;water;540;1;0
1;1;1;2;1;1;5;1;1;2;1;5;1;1;1;1;5;5;65;5120;70;385;120;65;10;65;50;50;90;water;200;1;0
1;1;1;2;1;1;5;1;1;2;1;5;1;1;1;1;5;5;50;5120;70;300;255;40;6;40;40;40;90;water;124;1;0
1;1;1;2;1;1;5;1;1;2;1;5;1;1;1;1;5;5;50;5120;70;294;255;40;5;50;50;40;64;water;45;5;0
1;1;1;2;1;1;5;1;1;2;1;5;1;1;1;1;5;5;60;5120;70;540;60;79;62;95;100;125;81;water;1620;3;0
1;1;1;2;1;1;5;1;1;2;1;5;1;1;1;1;5;5;48;5120;70;314;45;65;5;44;50;64;43;water;90;1;0
1;1;1;2;1;2;1;1;1;2;1;25;1;1;1;2;1;5;85;10240;70;535;45;80;25;130;85;95;60;water;2200;1;0
1;1;1;2;1;1;5;1;1;2;1;5;1;1;1;1;5;5;63;5120;70;405;45;80;10;59;65;80;58;water;225;1;0
1;1;1;0;1;1;5;1;1;4;1;1;1;5;1;5;5;1;95;5120;70;509;45;75;15;105;85;75;74;water;620;5;0
1;1;1;0;1;1;5;1;1;4;1;1;1;5;1;5;5;1;65;5120;70;384;120;55;8;75;65;55;69;water;170;5;0
5;1;1;4;1;5;5;1;1;1;0;1;1;1;1;2;5;5;50;5120;70;440;45;100;12;60;95;70;65;water;280;3;0
5;1;1;4;1;5;5;1;1;1;0;1;1;1;1;2;5;5;44;5120;70;305;190;50;5;62;44;50;55;water;55;5;0
1;1;1;2;1;5;1;2;1;1;5;5;1;1;1;2;5;5;70;3840;70;454;100;92;18;68;50;132;42;water;820;7;0
1;1;1;2;1;5;1;2;1;1;5;5;1;1;1;2;5;5;40;3840;70;269;200;52;3;38;40;72;27;water;40;7;0
1;1;1;0;1;1;5;1;1;4;1;1;1;5;1;5;5;1;85;5120;70;430;90;85;14;95;65;65;35;water;750;2;0
1;1;1;0;1;1;5;1;1;4;1;1;1;5;1;5;5;1;45;5120;70;210;255;45;4;55;25;25;15;water;85;2;0
1;1;1;2;1;1;5;1;1;2;1;5;1;1;1;1;5;5;53;3840;70;330;225;62;5;50;58;63;44;water;83;6;0
2;1;1;1;1;1;1;2;1;1;5;1;1;2;1;1;5;25;30;3840;70;220;255;30;5;40;40;50;30;water;26;3;0
1;1;1;0;1;1;5;1;1;4;1;1;1;5;1;5;5;1;78;5120;70;468;75;73;9;110;76;71;60;water;236;3;0
1;1;1;0;1;1;5;1;1;4;1;1;1;5;1;5;5;1;48;5120;70;288;190;43;4;50;46;41;60;water;19;3;0
5;1;1;4;1;5;5;1;1;1;0;1;1;1;1;2;5;5;87;5120;70;473;45;63;13;75;87;63;98;water;242;5;0
1;1;1;2;1;1;5;1;1;2;1;5;1;1;1;1;5;5;49;5120;70;330;190;56;4;49;49;61;66;water;70;4;0
